family,segment,orders,hours,dates,descriptive_support,service_orders,mean_min,median_min,p75_min,p90_min,p95_min,variance_min2,late_eligible_orders,tail95_orders,tail95_rate,late_orders,late_rate,late5_rate,pre_eligible_orders,pre_affected_orders,pre_rate,pre_events,post_eligible_orders,post_affected_orders,post_rate,post_events,cost_known_orders,recorded_cost_total,recorded_cost_mean,recorded_aborted_leg_cost,recorded_order_value_mean,dimension_1,value_1,dimension_2,value_2,dimension_3,value_3
hour,0,6832,31,31,True,6779,20.680053596892364,18.55,25.066666666666666,32.88333333333333,39.03499999999999,100.64902714213859,6779,115.0,0.01696415400501549,1759.0,0.25947779908541085,0.10148989526478831,6832,1936.0,0.28337236533957844,3766.0,6832,296.0,0.04332552693208431,327.0,6832,3337210.452048052,488.4675720210849,11304.871119663429,7576.063704625293,hora_num,0,,,,
hour,1,3749,31,31,True,3708,19.567021754764472,17.733333333333334,23.383333333333333,30.833333333333332,36.31083333333333,86.78525157486455,3708,48.0,0.012944983818770227,1084.0,0.2923408845738943,0.10652642934196332,3749,956.0,0.25500133368898376,1638.0,3749,137.0,0.036543078154174444,150.0,3749,1779663.5855534375,474.70354375925245,5507.778410725715,7231.984699919979,hora_num,1,,,,
hour,2,475,29,29,True,473,22.62212825933756,20.15,26.9,34.38,45.48666666666664,149.29848411439983,473,16.0,0.03382663847780127,152.0,0.321353065539112,0.16701902748414377,475,175.0,0.3684210526315789,347.0,475,23.0,0.04842105263157895,23.0,475,275507.38043391216,580.0155377556046,754.1861767877143,7180.897915789473,hora_num,2,,,,
hour,3,26,12,12,False,25,54.16866666666667,46.4,66.83333333333333,90.17333333333335,108.91333333333328,1583.2422990740745,25,11.0,0.44,13.0,0.52,0.52,26,4.0,0.15384615384615385,5.0,26,1.0,0.038461538461538464,1.0,26,14417.113357142858,554.50435989011,27.7675,7871.326923076923,hora_num,3,,,,
hour,4,3,3,3,False,2,80.26666666666667,80.26666666666667,107.74166666666667,124.22666666666667,129.72166666666666,6039.005000000001,2,1.0,0.5,2.0,1.0,0.5,3,0.0,0.0,0.0,3,0.0,0.0,0.0,3,915.3057535720002,305.1019178573334,0.0,8969.666666666666,hora_num,4,,,,
hour,5,12,6,6,False,9,115.40185185185184,127.5,148.66666666666666,154.67333333333335,165.82,2038.841558641975,9,8.0,0.8888888888888888,9.0,1.0,0.8888888888888888,12,3.0,0.25,6.0,12,0.0,0.0,0.0,12,6120.437869642857,510.0364891369047,0.0,8510.5,hora_num,5,,,,
hour,6,37,12,12,False,33,53.9530303030303,47.833333333333336,61.86666666666667,94.95666666666668,113.47666666666663,772.2851988636362,33,14.0,0.42424242424242425,22.0,0.6666666666666666,0.6060606060606061,37,17.0,0.4594594594594595,45.0,37,4.0,0.10810810810810811,4.0,37,23082.96944643029,623.8640390927105,105.06500000000001,7170.445945945946,hora_num,6,,,,
hour,7,1295,31,31,True,1269,27.312805358550037,23.65,33.083333333333336,45.85,56.386666666666656,231.39248113532352,1269,94.0,0.07407407407407407,439.0,0.3459416863672183,0.20567375886524822,1295,421.0,0.3250965250965251,764.0,1295,60.0,0.04633204633204633,67.0,1295,408900.2487714226,315.7530878543804,1387.7541017835715,6190.980389961391,hora_num,7,,,,
hour,8,4097,31,31,True,4071,23.22734381396872,20.716666666666665,28.083333333333332,37.6,44.80833333333334,127.34691995904927,4071,133.0,0.032670105625153524,1482.0,0.3640383198231393,0.16556128715303364,4097,981.0,0.23944349524041983,1626.0,4097,111.0,0.027092994874298268,122.0,4097,1095047.6128660743,267.28035461705497,2519.034632140286,6640.310688308518,hora_num,8,,,,
hour,9,7468,31,31,True,7432,22.15711562612128,19.875,27.083333333333332,35.81666666666667,42.079999999999984,112.35995941652457,7432,159.0,0.021393972012917116,2832.0,0.38105489773950485,0.15379440258342303,7468,1677.0,0.22455811462238887,2892.0,7468,185.0,0.02477236207820032,218.0,7468,1965492.73993034,263.1886368412346,4251.4320517841425,6722.2811997857525,hora_num,9,,,,
hour,10,8855,31,31,True,8812,22.33587721289151,19.883333333333333,27.270833333333332,36.846666666666685,43.00749999999998,128.74846150988412,8812,200.0,0.022696323195642305,3488.0,0.3958238765320018,0.16874716295960054,8855,2022.0,0.22834556747600226,3603.0,8855,289.0,0.0326369282891022,329.0,8855,2322843.681276735,262.3200091786262,6608.467564276143,7186.080924336533,hora_num,10,,,,
hour,11,13351,31,31,True,13302,23.508021350172903,21.15,28.895833333333332,38.06666666666667,44.13166666666663,124.81729863333108,13302,374.0,0.028116072771011878,5234.0,0.39347466546384,0.1656141933543828,13348,2886.0,0.2162121666167216,5316.0,13348,398.0,0.029817201078813305,447.0,13351,3454063.0852785585,258.7119380779386,9202.882539295573,8250.038997827878,hora_num,11,,,,
hour,12,25931,31,31,True,25820,25.843159049832174,23.7,31.95,41.1,47.35083333333332,138.83319316929186,25820,1030.0,0.03989155693261038,9058.0,0.3508133230054222,0.1512006196746708,25930,6159.0,0.23752410335518703,11618.0,25930,859.0,0.033127651369070574,955.0,25931,7261050.083796419,280.0142718675107,18792.068591070143,8697.746851259111,hora_num,12,,,,
hour,13,26708,31,31,True,26595,26.08942157047064,23.716666666666665,32.083333333333336,41.5266666666667,48.483333333333334,148.32484769085937,26595,1188.0,0.04467005076142132,9321.0,0.35047941342357586,0.15344989659710473,26707,6896.0,0.2582094581944808,14136.0,26707,1113.0,0.04167446736810574,1234.0,26708,7717531.476923245,288.9595430928278,24261.60132856314,8643.50784259398,hora_num,13,,,,
hour,14,21935,31,31,True,21835,24.561646439203116,22.283333333333335,30.483333333333334,39.78333333333333,46.47166666666666,137.48903616070044,21835,777.0,0.035585069841996796,8285.0,0.3794366842225784,0.16354476757499428,21935,6082.0,0.2772737633918395,12474.0,21935,875.0,0.039890585821746066,984.0,21935,6099390.652660701,278.0665900460771,19092.093342858858,8156.281772053796,hora_num,14,,,,
hour,15,16035,31,31,True,15952,24.462208500501507,21.733333333333334,30.2,40.1,47.65,166.69160205247144,15952,668.0,0.04187562688064193,6348.0,0.3979438314944834,0.1841148445336008,16035,4766.0,0.29722482070470846,10034.0,16035,717.0,0.04471468662301216,803.0,16035,4502132.110964345,280.7690745846177,15411.495091067285,8084.162368256938,hora_num,15,,,,
hour,16,13328,31,31,True,13261,24.963791066535958,21.833333333333332,30.516666666666666,41.166666666666664,48.5,190.24754959019637,13261,611.0,0.04607495663977076,5202.0,0.39227810873991403,0.1810572355026016,13328,4244.0,0.31842737094837936,8572.0,13328,589.0,0.04419267707082833,665.0,13328,3840369.3808481935,288.14296074791366,13167.999042854572,7903.0744173919575,hora_num,16,,,,
hour,17,12692,31,31,True,12629,25.73718953730831,22.583333333333332,31.316666666666666,42.003333333333345,50.05,196.88143362919962,12629,664.0,0.05257740121941563,4959.0,0.39266766964922006,0.18853432575817564,12692,3853.0,0.3035770564134888,7321.0,12692,565.0,0.044516230696501735,654.0,12692,3665958.612555312,288.8401049917517,12825.485537489143,8111.410651591555,hora_num,17,,,,
hour,18,15318,31,31,True,15248,26.333464498076253,23.366666666666667,32.670833333333334,43.05,51.188333333333325,177.24543172528683,15248,865.0,0.05672875131164743,5934.0,0.3891657922350472,0.17864637985309548,15318,4142.0,0.2704008356182269,7924.0,15318,693.0,0.04524089306698002,829.0,15318,4394613.792328512,286.8921394652378,17601.673901790142,9451.506354941901,hora_num,18,,,,
hour,19,28921,31,31,True,28792,26.971109451699547,24.683333333333334,33.333333333333336,42.833333333333336,49.94083333333329,170.4080207655314,28792,1487.0,0.05164629063628786,10481.0,0.36402472909141426,0.15865518199499862,28921,6986.0,0.24155457971716054,13048.0,28921,1107.0,0.03827668476193769,1269.0,28921,9526208.171542916,329.38723320572996,31410.076900014712,11050.013019086477,hora_num,19,,,,
hour,20,45112,31,31,True,44899,27.693648336637047,25.15,34.03333333333333,44.43333333333333,52.2,186.09155214783937,44899,2861.0,0.06372079556337558,14522.0,0.32343704759571484,0.14076037328225574,45112,10608.0,0.23514807589998227,22014.0,45112,1976.0,0.04380209256960454,2285.0,45112,18136010.24985369,402.02186225070244,61669.105644638716,11271.425104960985,hora_num,20,,,,
hour,21,38693,30,30,True,38471,28.85419363503245,25.85,35.56666666666667,47.56666666666667,56.75,230.0153668828291,38471,3284.0,0.08536300070182735,12152.0,0.3158742949234488,0.15227054144680408,38692,9879.0,0.25532409800475553,21274.0,38692,1940.0,0.05013956373410524,2249.0,38693,16713084.245616041,431.9407708271791,58489.52711248642,10847.714276871786,hora_num,21,,,,
hour,22,27424,31,31,True,27251,25.592684672122125,22.666666666666668,31.716666666666665,42.55,51.025,190.2572365044016,27251,1541.0,0.05654838354555796,9056.0,0.33231808007045616,0.1466368206671315,27424,7168.0,0.2613768961493582,14741.0,27424,1329.0,0.04846120186697783,1505.0,27424,11588925.960758924,422.5833562120378,41794.83475177943,9431.736771258751,hora_num,22,,,,
hour,23,15847,31,31,True,15710,22.05567260768088,19.508333333333333,26.983333333333334,36.2,44.13333333333333,135.18518692600145,15710,457.0,0.029089751750477403,5093.0,0.3241884150222788,0.13456397199236156,15847,4391.0,0.27708714583201866,8631.0,15847,821.0,0.05180791316968512,907.0,15847,7018969.7471079985,442.9210416550766,28332.61351253386,8058.1527222818195,hora_num,23,,,,
weekday_hour,Friday | 0,920,4,4,False,911,20.98633369923162,19.333333333333332,25.06666666666667,32.333333333333336,38.349999999999994,94.20219367411465,911,20.0,0.021953896816684963,246.0,0.270032930845225,0.10318331503841932,920,282.0,0.3065217391304348,679.0,920,51.0,0.05543478260869565,53.0,920,420962.86837679055,457.56833519216366,1666.2908089292857,7529.779500000001,dia_semana,Friday,hora_num,0,,
weekday_hour,Friday | 1,457,4,4,False,450,20.12188888888889,18.708333333333336,23.729166666666668,31.57,36.16333333333332,85.13474190794358,450,5.0,0.011111111111111112,144.0,0.32,0.11777777777777777,457,139.0,0.3041575492341357,225.0,457,15.0,0.03282275711159737,15.0,457,196002.56787141558,428.8896452328568,531.5672482137143,6913.4714660831505,dia_semana,Friday,hora_num,1,,
weekday_hour,Friday | 2,27,4,4,False,27,30.17345679012346,20.016666666666666,30.549999999999997,52.226666666666716,75.04833333333332,845.7875482747706,27,3.0,0.1111111111111111,9.0,0.3333333333333333,0.25925925925925924,27,10.0,0.37037037037037035,15.0,27,4.0,0.14814814814814814,4.0,27,15070.134658930143,558.1531355159312,121.321766072,5980.722222222223,dia_semana,Friday,hora_num,2,,
weekday_hour,Friday | 3,4,3,3,False,4,97.45833333333334,73.15833333333333,119.75416666666666,166.17166666666668,181.64416666666665,4861.89675925926,4,3.0,0.75,3.0,0.75,0.75,4,1.0,0.25,2.0,4,0.0,0.0,0.0,4,2537.584642857287,634.3961607143217,0.0,6929.125,dia_semana,Friday,hora_num,3,,
weekday_hour,Friday | 5,1,1,1,False,0,,,,,,,0,,,,,,1,0.0,0.0,0.0,1,0.0,0.0,0.0,1,236.73183750028568,236.73183750028568,0.0,5359.5,dia_semana,Friday,hora_num,5,,
weekday_hour,Friday | 6,2,2,2,False,2,58.68333333333334,58.68333333333334,63.69166666666667,66.69666666666667,67.69833333333334,200.66722222222234,2,1.0,0.5,1.0,0.5,0.5,2,1.0,0.5,2.0,2,0.0,0.0,0.0,2,912.3671428575713,456.1835714287856,0.0,9102.0,dia_semana,Friday,hora_num,6,,
weekday_hour,Friday | 7,201,4,4,False,197,25.566835871404397,22.916666666666668,30.75,41.54,50.036666666666626,149.0646088147611,197,10.0,0.050761421319796954,66.0,0.3350253807106599,0.18781725888324874,201,65.0,0.32338308457711445,117.0,201,9.0,0.04477611940298507,9.0,201,59401.082987502145,295.5277760572246,189.12588035714288,6514.710621890547,dia_semana,Friday,hora_num,7,,
weekday_hour,Friday | 8,650,4,4,False,646,23.71050051599587,20.866666666666667,28.595833333333335,39.34166666666667,45.22916666666667,141.9823206621014,646,21.0,0.032507739938080496,229.0,0.3544891640866873,0.17492260061919504,650,149.0,0.22923076923076924,265.0,650,18.0,0.027692307692307693,18.0,650,169065.48894641912,260.1007522252602,334.34623392699996,6516.612400000001,dia_semana,Friday,hora_num,8,,
weekday_hour,Friday | 9,1112,4,4,False,1109,22.941944694920352,20.4,27.9,37.18000000000001,44.47333333333333,125.6343118084107,1109,35.0,0.031559963931469794,432.0,0.38954012623985573,0.1550946798917944,1112,261.0,0.23471223021582735,508.0,1112,25.0,0.022482014388489208,27.0,1112,299942.34346605913,269.73232326084457,463.91354107228574,6777.407945143886,dia_semana,Friday,hora_num,9,,
weekday_hour,Friday | 10,1241,4,4,False,1235,23.087004048582997,20.6,27.95,37.48666666666667,44.66666666666666,124.96860437914799,1235,40.0,0.032388663967611336,502.0,0.4064777327935223,0.1797570850202429,1241,279.0,0.22481869460112813,504.0,1241,55.0,0.0443190975020145,68.0,1241,311158.31414641713,250.73192114940946,1380.3081910692858,7190.594979854956,dia_semana,Friday,hora_num,10,,
weekday_hour,Friday | 11,2022,4,4,False,2015,23.9024317617866,21.633333333333333,28.925,38.02,45.489999999999995,127.20640200591994,2015,73.0,0.036228287841191066,800.0,0.3970223325062035,0.16029776674937965,2022,431.0,0.21315529179030662,882.0,2022,60.0,0.02967359050445104,67.0,2022,507978.1142571565,251.22557579483507,1357.2737571467144,8317.258360534126,dia_semana,Friday,hora_num,11,,
weekday_hour,Friday | 12,3857,4,4,False,3838,26.822754907069655,24.383333333333333,33.06666666666667,42.576666666666675,49.0,147.34909722998415,3838,183.0,0.04768108389786347,1374.0,0.3579989577905159,0.16023970818134445,3857,984.0,0.2551205600207415,1940.0,3857,134.0,0.034742027482499355,158.0,3857,1074092.334998229,278.4786971735102,3057.5368464304283,9157.447237490276,dia_semana,Friday,hora_num,12,,
weekday_hour,Friday | 13,3760,4,4,False,3745,26.4489764129951,24.05,32.61666666666667,42.269999999999996,48.60999999999999,148.173245331382,3745,166.0,0.04432576769025367,1306.0,0.34873164218958613,0.1596795727636849,3760,947.0,0.25186170212765957,2092.0,3760,162.0,0.04308510638297872,183.0,3760,1073265.4874178702,285.44294878134843,3751.211389285857,8675.538095744681,dia_semana,Friday,hora_num,13,,
weekday_hour,Friday | 14,3075,4,4,False,3056,24.393733638743456,22.2,30.283333333333335,39.55,45.324999999999996,133.35574440780644,3056,104.0,0.034031413612565446,1115.0,0.3648560209424084,0.16099476439790575,3075,844.0,0.27447154471544716,1739.0,3075,133.0,0.0432520325203252,156.0,3075,819713.7399500048,266.57357396748125,2672.1385303557145,7959.435014634147,dia_semana,Friday,hora_num,14,,
weekday_hour,Friday | 15,2241,4,4,False,2232,23.50415173237754,21.083333333333332,29.366666666666667,39.09333333333334,44.92249999999999,136.82582741897107,2232,65.0,0.029121863799283155,883.0,0.39560931899641577,0.17473118279569894,2241,669.0,0.29852744310575635,1458.0,2241,114.0,0.050870147255689425,125.0,2241,582980.0353125123,260.14280915328527,2353.8038339262857,7903.0384850513165,dia_semana,Friday,hora_num,15,,
weekday_hour,Friday | 16,1756,4,4,False,1744,24.088197629969418,21.433333333333334,30.15,39.778333333333336,45.50666666666666,140.5488089571589,1744,50.0,0.028669724770642203,675.0,0.38704128440366975,0.1771788990825688,1756,558.0,0.31776765375854216,1170.0,1756,75.0,0.042710706150341685,86.0,1756,457013.248969637,260.25811444740145,1485.7513982137143,7539.417616742598,dia_semana,Friday,hora_num,16,,
weekday_hour,Friday | 17,1692,4,4,False,1688,23.825987361769354,21.216666666666665,30.025,39.28833333333333,44.970833333333324,124.4449782776509,1688,58.0,0.034360189573459717,665.0,0.39395734597156395,0.17239336492890994,1692,506.0,0.2990543735224586,1047.0,1692,86.0,0.0508274231678487,92.0,1692,434634.9011553261,256.87641912253315,1797.8374249942856,8103.621250000001,dia_semana,Friday,hora_num,17,,
weekday_hour,Friday | 18,2276,4,4,False,2265,24.553215599705666,22.45,30.416666666666668,39.470000000000006,45.63333333333328,129.9997448820887,2265,73.0,0.032229580573951436,834.0,0.36821192052980134,0.1562913907284768,2276,587.0,0.257908611599297,1008.0,2276,102.0,0.04481546572934974,130.0,2276,564590.2752303403,248.06251108538677,2684.210885717143,9193.568657732865,dia_semana,Friday,hora_num,18,,
weekday_hour,Friday | 19,4474,4,4,False,4454,26.29663224068253,24.583333333333332,32.71666666666667,41.5,47.0,133.42341817881808,4454,166.0,0.037269869779973056,1632.0,0.366412213740458,0.1486304445442299,4474,962.0,0.21502011622708986,1719.0,4474,128.0,0.028609745194456863,148.0,4474,1338316.5147446585,299.1319880967051,3527.309980361857,11115.074123826553,dia_semana,Friday,hora_num,19,,
weekday_hour,Friday | 20,7193,4,4,False,7161,27.596587999813806,25.333333333333332,34.2,43.81666666666667,51.416666666666664,164.1949903740093,7161,435.0,0.06074570590699623,2200.0,0.30721966205837176,0.1270772238514174,7193,1574.0,0.2188238565271792,3182.0,7193,298.0,0.04142916724593355,339.0,7193,3086548.1548429076,429.1044285893101,9459.970850002286,11569.598084943695,dia_semana,Friday,hora_num,20,,
weekday_hour,Friday | 21,5912,4,4,False,5880,30.530252267573697,27.533333333333335,37.57083333333334,49.570000000000014,58.917500000000004,246.47295723256465,5880,590.0,0.10034013605442177,1794.0,0.3051020408163265,0.15289115646258503,5912,1531.0,0.25896481732070364,3335.0,5912,339.0,0.057341001353179974,392.0,5912,2871163.30290714,485.6500850654838,11117.937591076858,11460.108208728012,dia_semana,Friday,hora_num,21,,
weekday_hour,Friday | 22,4236,4,4,False,4204,28.059942911512845,24.983333333333334,34.80416666666667,46.37500000000002,55.48499999999999,226.75462591473521,4204,335.0,0.07968601332064701,1389.0,0.3303996194100856,0.15485252140818268,4236,1045.0,0.24669499527856467,2189.0,4236,226.0,0.05335221907459868,257.0,4236,2046034.4977875147,483.0109768148052,7928.059058923143,10176.163525731821,dia_semana,Friday,hora_num,22,,
weekday_hour,Friday | 23,2656,4,4,False,2630,22.997186311787075,20.125,28.3,37.95333333333333,45.57416666666658,149.76673439873062,2630,94.0,0.03574144486692015,830.0,0.3155893536121673,0.12737642585551331,2656,693.0,0.2609186746987952,1328.0,2656,153.0,0.05760542168674699,163.0,2656,1305635.5203909106,491.5796387013971,5442.409398217571,8480.68579442771,dia_semana,Friday,hora_num,23,,
weekday_hour,Monday | 0,729,5,5,True,721,22.53291724456773,20.316666666666666,27.066666666666666,36.5,41.46666666666667,112.46499674020993,721,18.0,0.024965325936199722,188.0,0.260748959778086,0.11234396671289876,729,224.0,0.30727023319615915,451.0,729,39.0,0.053497942386831275,49.0,729,424593.5324428207,582.4328291396718,2005.255871433,7317.878271604939,dia_semana,Monday,hora_num,0,,
weekday_hour,Monday | 1,431,5,5,True,426,20.523082942097027,18.008333333333333,24.383333333333333,33.43333333333334,39.387499999999996,112.50340317898676,426,11.0,0.025821596244131457,120.0,0.28169014084507044,0.10093896713615023,431,113.0,0.26218097447795824,196.0,431,21.0,0.048723897911832945,23.0,431,229819.2098392647,533.2232246850689,947.7877642868572,6918.013921113689,dia_semana,Monday,hora_num,1,,
weekday_hour,Monday | 2,19,5,5,False,19,23.44912280701754,21.95,28.208333333333336,31.516666666666666,34.88499999999999,52.65624918778427,19,0.0,0.0,6.0,0.3157894736842105,0.15789473684210525,19,8.0,0.42105263157894735,21.0,19,1.0,0.05263157894736842,1.0,19,12034.643180354713,633.402272650248,38.55722321428571,7202.8421052631575,dia_semana,Monday,hora_num,2,,
weekday_hour,Monday | 3,1,1,1,False,1,14.15,14.15,14.15,14.15,14.15,,1,0.0,0.0,0.0,0.0,0.0,1,0.0,0.0,0.0,1,0.0,0.0,0.0,1,341.0550000001428,341.0550000001428,0.0,4334.5,dia_semana,Monday,hora_num,3,,
weekday_hour,Monday | 5,1,1,1,False,1,77.3,77.3,77.3,77.3,77.3,,1,1.0,1.0,1.0,1.0,1.0,1,0.0,0.0,0.0,1,0.0,0.0,0.0,1,341.63839285685714,341.63839285685714,0.0,2399.5,dia_semana,Monday,hora_num,5,,
weekday_hour,Monday | 7,216,5,5,True,212,25.057311320754714,22.825,31.058333333333334,39.37833333333334,45.51749999999999,128.9671382343736,212,7.0,0.0330188679245283,72.0,0.33962264150943394,0.16037735849056603,216,57.0,0.2638888888888889,91.0,216,6.0,0.027777777777777776,8.0,216,56020.795276784,259.35553368881483,138.86116250071427,5895.916527777778,dia_semana,Monday,hora_num,7,,
weekday_hour,Monday | 8,611,5,5,True,604,25.15954746136865,22.466666666666665,30.508333333333333,40.04500000000001,48.07916666666667,137.68892841104756,604,28.0,0.046357615894039736,214.0,0.3543046357615894,0.17549668874172186,611,155.0,0.25368248772504093,239.0,611,18.0,0.029459901800327332,19.0,611,163602.94115892943,267.7625878214884,363.37605714371426,6381.098101472995,dia_semana,Monday,hora_num,8,,
weekday_hour,Monday | 9,1189,5,5,True,1183,24.428050154973235,22.033333333333335,30.40833333333333,39.51333333333333,45.35,127.53892793017647,1183,37.0,0.03127641589180051,454.0,0.38377007607776836,0.17075232459847844,1189,263.0,0.22119428090832632,401.0,1189,33.0,0.027754415475189236,35.0,1189,312235.9142517823,262.60379667937957,592.5808339289999,6730.750689655173,dia_semana,Monday,hora_num,9,,
weekday_hour,Monday | 10,1388,5,5,True,1383,24.346095444685464,21.716666666666665,30.0,39.55,45.84999999999998,216.43133504089175,1383,44.0,0.03181489515545915,565.0,0.40853217642805495,0.19161243673174258,1388,338.0,0.24351585014409222,636.0,1388,45.0,0.032420749279538905,53.0,1388,368630.66023570567,265.5840491611712,1038.091423214857,6940.497896253603,dia_semana,Monday,hora_num,10,,
weekday_hour,Monday | 11,2129,5,5,True,2121,24.467562470532766,21.916666666666668,30.266666666666666,39.45,46.1,141.6966522369892,2121,84.0,0.039603960396039604,831.0,0.3917963224893918,0.17963224893917965,2129,468.0,0.21982151244715828,808.0,2129,68.0,0.03193987787693753,80.0,2129,546593.434817855,256.737169947325,1559.565675002143,7896.939480976985,dia_semana,Monday,hora_num,11,,
weekday_hour,Monday | 12,3665,5,5,True,3649,27.015419749703113,24.733333333333334,33.15,42.86666666666669,49.776666666666664,152.6460776510341,3649,191.0,0.05234310770073993,1339.0,0.3669498492737736,0.1652507536311318,3665,910.0,0.24829467939972716,1703.0,3665,108.0,0.02946793997271487,118.0,3665,1066127.6901178653,290.89432199668903,2145.5427160702857,8004.769688949523,dia_semana,Monday,hora_num,12,,
weekday_hour,Monday | 13,3472,5,5,True,3463,28.274896525170853,25.566666666666666,34.36666666666667,44.663333333333334,52.75,183.1252127556741,3463,235.0,0.06786023678891134,1328.0,0.3834825295986139,0.17903551833670228,3472,941.0,0.27102534562211983,1814.0,3472,145.0,0.04176267281105991,163.0,3472,1040197.7782571428,299.5961342906517,3114.784055359286,7955.264491647466,dia_semana,Monday,hora_num,13,,
weekday_hour,Monday | 14,3015,5,5,True,2999,25.842647549183063,23.216666666666665,31.95,42.11333333333335,48.57333333333333,162.7513836411732,2999,136.0,0.04534844948316105,1128.0,0.3761253751250417,0.17105701900633544,3015,864.0,0.2865671641791045,1704.0,3015,100.0,0.03316749585406302,107.0,3015,844549.8509714309,280.11603680644475,2046.326166070857,7616.207238805971,dia_semana,Monday,hora_num,14,,
weekday_hour,Monday | 15,2266,5,5,True,2255,24.89413895048041,22.033333333333335,30.691666666666666,41.296666666666674,48.9,161.0152176539564,2255,105.0,0.04656319290465632,917.0,0.4066518847006652,0.18980044345898003,2266,671.0,0.2961165048543689,1428.0,2266,107.0,0.047219770520741396,121.0,2266,624379.8543374881,275.54274242607596,2308.300410713,7688.100445719329,dia_semana,Monday,hora_num,15,,
weekday_hour,Monday | 16,1912,5,5,True,1905,25.169912510936133,22.466666666666665,31.15,40.926666666666684,48.41333333333333,162.9303636711465,1905,83.0,0.04356955380577428,772.0,0.405249343832021,0.1989501312335958,1912,616.0,0.32217573221757323,1212.0,1912,80.0,0.04184100418410042,84.0,1912,526979.6828356999,275.61698893080535,1495.9742678558573,7442.686919456068,dia_semana,Monday,hora_num,16,,
weekday_hour,Monday | 17,1878,5,5,True,1869,25.8045924736936,23.083333333333332,32.18333333333333,41.153333333333336,47.973333333333315,155.80719621290788,1869,82.0,0.043873729266987696,732.0,0.391653290529695,0.1947565543071161,1878,587.0,0.312566560170394,1122.0,1878,105.0,0.05591054313099041,124.0,1878,518742.55730000226,276.2207440362099,2450.657239287286,7855.764994675186,dia_semana,Monday,hora_num,17,,
weekday_hour,Monday | 18,2307,5,5,True,2299,25.773191242569233,23.333333333333332,31.991666666666667,41.07000000000001,47.72,143.58813843836444,2299,99.0,0.0430622009569378,923.0,0.40147890387124835,0.17746846454980425,2307,678.0,0.293888166449935,1373.0,2307,105.0,0.045513654096228866,114.0,2307,629812.4995999777,273.00065002166355,2081.4746267835717,9086.688753792803,dia_semana,Monday,hora_num,18,,
weekday_hour,Monday | 19,4188,5,5,True,4169,25.76611897337491,23.966666666666665,31.75,40.57000000000001,45.983333333333334,127.49665377065745,4169,141.0,0.03382106020628448,1597.0,0.3830654833293356,0.1599904053729911,4188,1076.0,0.25692454632282713,1940.0,4188,148.0,0.03533906399235912,165.0,4188,1193505.2382321586,284.982148575014,3656.8419339304287,10562.854656160458,dia_semana,Monday,hora_num,19,,
weekday_hour,Monday | 20,6443,5,5,True,6412,26.167968912455812,24.0,32.2,41.66333333333335,48.94083333333333,146.5576657244706,6412,301.0,0.04694323144104803,2080.0,0.32439176543980036,0.1363069245165315,6443,1469.0,0.22799937917119353,2773.0,6443,241.0,0.03740493558901133,268.0,6443,2137122.272180355,331.6967673723972,6122.387221423,10763.584113766878,dia_semana,Monday,hora_num,20,,
weekday_hour,Monday | 21,5858,5,5,True,5831,26.920519636425997,23.983333333333334,32.78333333333333,43.61666666666667,52.425,189.944419495512,5831,359.0,0.061567484136511745,1868.0,0.3203567141142171,0.14834505230663694,5858,1437.0,0.24530556503926254,2966.0,5858,264.0,0.04506657562307955,301.0,5858,2073792.0583356973,354.0102523618466,6753.988689283,10108.485781836804,dia_semana,Monday,hora_num,21,,
weekday_hour,Monday | 22,4306,5,5,True,4286,24.31063151345466,21.45,30.025000000000002,40.208333333333336,48.18333333333334,162.71883806602702,4286,186.0,0.0433971068595427,1463.0,0.34134391040597295,0.14325711619225384,4306,1083.0,0.25150952159777057,2108.0,4306,190.0,0.04412447747329308,215.0,4306,1497156.6416428664,347.6908132008515,4921.155264278715,8942.729759637714,dia_semana,Monday,hora_num,22,,
weekday_hour,Monday | 23,2199,5,5,True,2183,21.266300198503586,18.8,26.141666666666666,34.74666666666666,42.143333333333366,116.22204055206382,2183,53.0,0.024278515803939534,664.0,0.304168575355016,0.13834173156207055,2199,600.0,0.2728512960436562,1271.0,2199,111.0,0.0504774897680764,123.0,2199,837709.3616766467,380.95014173562834,3294.181321429285,7623.614934060937,dia_semana,Monday,hora_num,23,,
weekday_hour,Saturday | 0,1311,4,4,False,1300,20.31205128205128,17.891666666666666,24.7375,33.34166666666668,40.15583333333333,105.24569076804643,1300,26.0,0.02,344.0,0.26461538461538464,0.09615384615384616,1311,335.0,0.2555301296720061,610.0,1311,57.0,0.043478260869565216,62.0,1311,677925.8156499488,517.1058853165132,2253.2466821494286,7858.3319755911525,dia_semana,Saturday,hora_num,0,,
weekday_hour,Saturday | 1,675,4,4,False,669,18.73741903338316,17.05,22.016666666666666,28.633333333333333,35.34333333333334,73.30322513169973,669,6.0,0.008968609865470852,186.0,0.27802690582959644,0.08071748878923767,675,146.0,0.2162962962962963,252.0,675,15.0,0.022222222222222223,18.0,675,337160.0022821077,499.4962996771966,600.0939482162858,7399.926533333333,dia_semana,Saturday,hora_num,1,,
weekday_hour,Saturday | 2,172,4,4,False,171,21.03625730994152,19.116666666666667,25.4,33.05,40.99166666666667,89.76319728242173,171,2.0,0.011695906432748537,44.0,0.2573099415204678,0.13450292397660818,172,57.0,0.3313953488372093,116.0,172,4.0,0.023255813953488372,4.0,172,98297.42196070928,571.4966393064493,37.40446428614286,7440.210755813953,dia_semana,Saturday,hora_num,2,,
weekday_hour,Saturday | 3,11,4,4,False,10,55.745000000000005,52.766666666666666,77.18333333333334,87.3,99.97499999999997,975.7683981481482,10,5.0,0.5,7.0,0.7,0.7,11,3.0,0.2727272727272727,3.0,11,1.0,0.09090909090909091,1.0,11,5982.119285714,543.829025974,27.7675,7143.045454545455,dia_semana,Saturday,hora_num,3,,
weekday_hour,Saturday | 4,1,1,1,False,1,135.21666666666667,135.21666666666667,135.21666666666667,135.21666666666667,135.21666666666667,,1,1.0,1.0,1.0,1.0,1.0,1,0.0,0.0,0.0,1,0.0,0.0,0.0,1,319.21444285742865,319.21444285742865,0.0,12119.5,dia_semana,Saturday,hora_num,4,,
weekday_hour,Saturday | 5,5,2,2,False,5,108.43999999999998,127.5,146.2,147.67999999999998,148.17333333333332,2297.8118888888885,5,4.0,0.8,5.0,1.0,0.8,5,1.0,0.2,4.0,5,0.0,0.0,0.0,5,2084.510624999572,416.9021249999144,0.0,9516.8,dia_semana,Saturday,hora_num,5,,
weekday_hour,Saturday | 6,21,4,4,False,17,54.74803921568627,49.166666666666664,60.18333333333333,82.84000000000002,110.01333333333332,694.3589195261437,17,8.0,0.47058823529411764,13.0,0.7647058823529411,0.7058823529411765,21,9.0,0.42857142857142855,24.0,21,0.0,0.0,0.0,21,14120.111617857856,672.3862675170408,0.0,7490.380952380952,dia_semana,Saturday,hora_num,6,,
weekday_hour,Saturday | 7,150,4,4,False,145,36.31206896551724,31.05,43.7,60.35999999999999,70.09333333333333,370.20029893039583,145,26.0,0.1793103448275862,59.0,0.4068965517241379,0.27586206896551724,150,58.0,0.38666666666666666,101.0,150,5.0,0.03333333333333333,6.0,150,59263.88736785285,395.0925824523523,124.43732142814285,7225.330166666666,dia_semana,Saturday,hora_num,7,,
weekday_hour,Saturday | 8,469,4,4,False,466,22.768311874105866,19.65833333333333,27.5,37.075,46.24166666666666,119.05279179165319,466,18.0,0.03862660944206009,142.0,0.30472103004291845,0.15021459227467812,469,108.0,0.2302771855010661,184.0,469,13.0,0.02771855010660981,13.0,469,131968.6800303567,281.38311307112303,262.6565999987143,6609.7154157782525,dia_semana,Saturday,hora_num,8,,
weekday_hour,Saturday | 9,848,4,4,False,845,20.99785009861933,18.983333333333334,26.05,34.583333333333336,39.66,91.2386792192091,845,11.0,0.01301775147928994,321.0,0.37988165680473374,0.1514792899408284,848,194.0,0.22877358490566038,325.0,848,20.0,0.02358490566037736,24.0,848,229848.45630177742,271.0477079030394,479.6891910697143,6982.999504716981,dia_semana,Saturday,hora_num,9,,
weekday_hour,Saturday | 10,1095,4,4,False,1088,21.56277573529412,19.333333333333336,26.120833333333334,35.32166666666667,40.33833333333333,102.33846537417098,1088,17.0,0.015625,413.0,0.3795955882352941,0.16911764705882354,1095,238.0,0.217351598173516,410.0,1095,32.0,0.029223744292237442,35.0,1095,297525.2193249956,271.7125290639229,700.0213267844285,7945.040182648402,dia_semana,Saturday,hora_num,10,,
weekday_hour,Saturday | 11,1465,4,4,False,1456,23.27121108058608,21.333333333333332,28.7375,37.666666666666664,43.5,109.85429071249723,1456,30.0,0.020604395604395604,624.0,0.42857142857142855,0.1717032967032967,1465,305.0,0.20819112627986347,506.0,1465,42.0,0.028668941979522185,46.0,1465,398332.2928375167,271.8991759983049,973.7024142834287,8933.35076109215,dia_semana,Saturday,hora_num,11,,
weekday_hour,Saturday | 12,3009,4,4,False,3000,24.439844444444443,22.283333333333335,30.5,39.03333333333333,44.56666666666667,121.39058909809444,3000,89.0,0.029666666666666668,1007.0,0.33566666666666667,0.12933333333333333,3009,618.0,0.2053838484546361,1073.0,3009,83.0,0.027583914921900963,91.0,3009,856229.7245392766,284.55623946137473,1883.5543678604286,9409.535181123296,dia_semana,Saturday,hora_num,12,,
weekday_hour,Saturday | 13,3652,4,4,False,3635,25.17924805135259,23.233333333333334,30.966666666666665,39.833333333333336,45.721666666666664,123.6684148627794,3635,122.0,0.03356258596973865,1192.0,0.3279229711141678,0.12682255845942228,3652,901.0,0.24671412924424974,1792.0,3652,149.0,0.04079956188389924,165.0,3652,1103019.9414571454,302.0317473869511,3523.6070392834285,9816.0931516977,dia_semana,Saturday,hora_num,13,,
weekday_hour,Saturday | 14,3070,4,4,False,3053,24.90544819303418,22.966666666666665,30.8,40.11333333333334,45.34,132.25992006718738,3053,105.0,0.034392400917130694,1102.0,0.3609564362921716,0.1467409105797576,3070,808.0,0.26319218241042347,1558.0,3070,128.0,0.04169381107491857,133.0,3070,917815.0124357285,298.9625447673383,2868.201237500857,9370.674641693811,dia_semana,Saturday,hora_num,14,,
weekday_hour,Saturday | 15,2144,4,4,False,2132,26.199804565353343,22.40833333333333,31.491666666666667,43.14666666666667,53.88166666666666,281.5956518466615,2132,144.0,0.0675422138836773,846.0,0.3968105065666041,0.200281425891182,2144,651.0,0.30363805970149255,1322.0,2144,95.0,0.044309701492537316,99.0,2144,672374.6672017983,313.6075873142716,2050.071642856571,8958.256375932837,dia_semana,Saturday,hora_num,15,,
weekday_hour,Saturday | 16,1919,4,4,False,1912,26.90500348675035,21.883333333333333,31.779166666666665,44.830000000000034,57.10916666666661,382.41595611371537,1912,143.0,0.07479079497907949,727.0,0.38023012552301255,0.1846234309623431,1919,576.0,0.30015633142261594,1091.0,1919,73.0,0.03804064616988015,82.0,1919,644993.1585285654,336.1089935010763,1652.2483624975714,8591.41813965607,dia_semana,Saturday,hora_num,16,,
weekday_hour,Saturday | 17,1685,4,4,False,1679,27.380047647409175,22.516666666666666,31.458333333333332,45.63333333333334,60.57333333333333,356.5155495540786,1679,132.0,0.07861822513400833,649.0,0.38653960690887434,0.1947587849910661,1685,500.0,0.29673590504451036,902.0,1685,59.0,0.035014836795252226,67.0,1685,594762.3611249984,352.97469502967266,1370.9814642855715,8474.732231454005,dia_semana,Saturday,hora_num,17,,
weekday_hour,Saturday | 18,1937,4,4,False,1932,28.51378536922015,24.275,35.420833333333334,48.098333333333336,61.26166666666665,256.44225966091244,1932,177.0,0.09161490683229814,796.0,0.41200828157349895,0.2039337474120083,1937,549.0,0.2834279814145586,1083.0,1937,90.0,0.04646360351058337,112.0,1937,717722.8121982168,370.533201960876,3029.433514285,9448.673022715539,dia_semana,Saturday,hora_num,18,,
weekday_hour,Saturday | 19,3696,4,4,False,3681,26.754423616770804,24.766666666666666,33.46666666666667,42.7,48.833333333333336,150.09957017569332,3681,171.0,0.04645476772616137,1270.0,0.3450149415919587,0.14180929095354522,3696,866.0,0.2343073593073593,1601.0,3696,135.0,0.036525974025974024,157.0,3696,1479787.4504874744,400.37539244790975,4643.680232149429,10992.116521915585,dia_semana,Saturday,hora_num,19,,
weekday_hour,Saturday | 20,6329,4,4,False,6302,27.84793187347932,25.708333333333332,34.49583333333334,44.415000000000006,51.814999999999934,175.18854233734962,6302,385.0,0.06109171691526499,1867.0,0.29625515709298633,0.12091399555696604,6329,1464.0,0.23131616369094643,2769.0,6329,220.0,0.03476062569126244,250.0,6329,3141886.76555359,496.4270446442708,8038.681323219143,11712.247062727129,dia_semana,Saturday,hora_num,20,,
weekday_hour,Saturday | 21,5299,4,4,False,5265,32.6211839189617,28.866666666666667,40.06666666666667,53.74333333333337,65.6366666666667,325.51963885896123,5265,702.0,0.13333333333333333,1737.0,0.3299145299145299,0.1811965811965812,5299,1307.0,0.24665031137950558,2743.0,5299,258.0,0.04868843177958105,298.0,5299,3010374.9183071177,568.1024567478992,9217.615573206285,12264.52702491036,dia_semana,Saturday,hora_num,21,,
weekday_hour,Saturday | 22,3584,4,4,False,3556,31.67697787776528,28.25,39.583333333333336,53.325,63.5875,308.79294506330166,3556,451.0,0.12682789651293588,1224.0,0.344206974128234,0.1847581552305962,3584,999.0,0.2787388392857143,2040.0,3584,189.0,0.052734375,224.0,3584,2157220.7134071058,601.9031008390363,7608.618530359,11167.053138950894,dia_semana,Saturday,hora_num,22,,
weekday_hour,Saturday | 23,2363,4,4,False,2341,24.747294603445823,21.583333333333332,30.45,42.05,49.31666666666667,174.5949613386703,2341,115.0,0.049124305852199915,721.0,0.3079880392994447,0.13925672789406238,2363,619.0,0.2619551417689378,1139.0,2363,134.0,0.05670757511637749,160.0,2363,1357802.778149922,574.6097241430055,6121.055571433143,8780.075603046973,dia_semana,Saturday,hora_num,23,,
weekday_hour,Sunday | 0,1302,4,4,False,1295,20.526563706563707,18.416666666666668,25.3,32.81,38.336666666666666,90.9539177293876,1295,14.0,0.010810810810810811,320.0,0.2471042471042471,0.0918918918918919,1302,355.0,0.2726574500768049,628.0,1302,52.0,0.039938556067588324,57.0,1302,695784.8813410178,534.3969902772794,2175.023773218286,8145.805253456221,dia_semana,Sunday,hora_num,0,,
weekday_hour,Sunday | 1,825,4,4,False,821,19.27105156313439,17.85,22.85,29.666666666666668,34.36666666666667,68.42655527498027,821,5.0,0.0060901339829476245,258.0,0.31425091352009743,0.10596833130328867,825,206.0,0.2496969696969697,337.0,825,28.0,0.03393939393939394,29.0,825,422837.06851068785,512.5297800129549,1228.0824250034284,7684.775878787878,dia_semana,Sunday,hora_num,1,,
weekday_hour,Sunday | 2,216,4,4,False,215,22.42054263565891,20.416666666666668,27.391666666666666,34.04,43.9866666666666,111.59016922649666,215,7.0,0.03255813953488372,79.0,0.3674418604651163,0.19069767441860466,216,82.0,0.37962962962962965,156.0,216,13.0,0.06018518518518518,13.0,216,127976.58394106099,592.4841849123194,504.8987714297142,7236.353981481481,dia_semana,Sunday,hora_num,2,,
weekday_hour,Sunday | 3,10,4,4,False,10,39.27833333333333,37.483333333333334,52.27916666666667,57.648333333333326,66.34083333333331,365.6295709876543,10,3.0,0.3,3.0,0.3,0.3,10,0.0,0.0,0.0,10,0.0,0.0,0.0,10,5556.354428571429,555.6354428571428,0.0,9403.0,dia_semana,Sunday,hora_num,3,,
weekday_hour,Sunday | 4,1,1,1,False,1,25.316666666666666,25.316666666666666,25.316666666666666,25.316666666666666,25.316666666666666,,1,0.0,0.0,1.0,1.0,0.0,1,0.0,0.0,0.0,1,0.0,0.0,0.0,1,236.31107142899995,236.31107142899995,0.0,11649.5,dia_semana,Sunday,hora_num,4,,
weekday_hour,Sunday | 5,5,2,2,False,3,139.70555555555555,149.1,163.03333333333333,171.39333333333335,174.18,1826.693425925926,3,3.0,1.0,3.0,1.0,1.0,5,2.0,0.4,2.0,5,0.0,0.0,0.0,5,3457.5570142861425,691.5114028572285,0.0,9356.6,dia_semana,Sunday,hora_num,5,,
weekday_hour,Sunday | 6,10,2,2,False,10,58.511666666666656,45.849999999999994,74.55416666666666,102.29833333333332,117.14083333333329,1217.8467314814811,10,4.0,0.4,6.0,0.6,0.5,10,5.0,0.5,15.0,10,3.0,0.3,3.0,10,6057.888900000287,605.7888900000287,72.48142857100001,6485.75,dia_semana,Sunday,hora_num,6,,
weekday_hour,Sunday | 7,94,4,4,False,86,43.58023255813953,36.224999999999994,53.35,75.24166666666667,97.20833333333334,616.3386569387444,86,25.0,0.29069767441860467,43.0,0.5,0.43023255813953487,94,41.0,0.43617021276595747,92.0,94,11.0,0.11702127659574468,12.0,94,51559.288507143865,548.5030692249347,246.8084767847143,6919.265957446809,dia_semana,Sunday,hora_num,7,,
weekday_hour,Sunday | 8,271,4,4,False,269,31.623172242874844,28.233333333333334,40.766666666666666,51.906666666666666,59.343333333333334,251.90058459252683,269,32.0,0.11895910780669144,96.0,0.35687732342007433,0.23048327137546468,271,105.0,0.3874538745387454,194.0,271,8.0,0.02952029520295203,11.0,271,105230.09089285228,388.30291842380916,264.98151964285717,7595.562380073801,dia_semana,Sunday,hora_num,8,,
weekday_hour,Sunday | 9,589,4,4,False,582,22.85922107674685,21.041666666666664,28.120833333333334,36.02833333333333,42.91499999999996,129.05778248651617,582,14.0,0.024054982817869417,193.0,0.3316151202749141,0.13745704467353953,589,152.0,0.25806451612903225,228.0,589,11.0,0.01867572156196944,13.0,589,187550.80621963803,318.42242142553147,338.1696482161429,7074.299796264856,dia_semana,Sunday,hora_num,9,,
weekday_hour,Sunday | 10,962,4,4,False,958,22.316388308977032,19.766666666666666,26.958333333333336,36.18833333333333,42.24333333333333,110.98281833646134,958,18.0,0.018789144050104383,304.0,0.3173277661795407,0.13465553235908143,962,258.0,0.2681912681912682,373.0,962,32.0,0.033264033264033266,35.0,962,301071.14766427537,312.9637709607852,862.2557267837143,8025.86727130977,dia_semana,Sunday,hora_num,10,,
weekday_hour,Sunday | 11,1464,4,4,False,1459,22.27801005254741,20.166666666666668,27.583333333333332,36.67,42.236666666666665,108.35208526921757,1459,27.0,0.018505825908156272,504.0,0.34544208361891704,0.13296778615490062,1464,341.0,0.23292349726775957,552.0,1464,43.0,0.029371584699453553,50.0,1464,452095.8619053347,308.80864884244176,1207.7838821432856,8973.370928961749,dia_semana,Sunday,hora_num,11,,
weekday_hour,Sunday | 12,2904,4,4,False,2892,24.64803480866759,22.558333333333334,30.6875,39.013333333333335,44.81666666666667,133.92356131982257,2892,85.0,0.029391424619640387,935.0,0.3233056708160443,0.12551867219917012,2904,662.0,0.22796143250688705,1178.0,2904,106.0,0.03650137741046832,118.0,2904,857442.6927339098,295.26263523894966,2700.124437499143,10119.093405647383,dia_semana,Sunday,hora_num,12,,
weekday_hour,Sunday | 13,3477,4,4,False,3457,25.588385883714203,23.466666666666665,31.333333333333332,40.53,48.28999999999999,142.24222658626155,3457,144.0,0.04165461382701764,1025.0,0.2964998553659242,0.13335261787677177,3477,888.0,0.2553925798101812,1715.0,3477,151.0,0.04342824273799252,175.0,3477,1090852.3531821447,313.7337800351293,3946.113558928857,10054.949761288468,dia_semana,Sunday,hora_num,13,,
weekday_hour,Sunday | 14,3051,4,4,False,3037,24.86618922181978,22.616666666666667,30.95,40.50333333333334,47.37,141.5199971186263,3037,119.0,0.03918340467566678,1024.0,0.3371748435956536,0.14422127099110965,3051,869.0,0.28482464765650606,1767.0,3051,123.0,0.04031465093411996,138.0,3051,959092.9378535412,314.35363417028555,2955.6927517771433,9223.536356932154,dia_semana,Sunday,hora_num,14,,
weekday_hour,Sunday | 15,2481,4,4,False,2470,24.757004048582996,22.433333333333334,30.579166666666666,40.10166666666667,46.32583333333333,138.7968651037143,2470,92.0,0.03724696356275304,871.0,0.3526315789473684,0.16194331983805668,2481,762.0,0.30713422007255137,1512.0,2481,99.0,0.03990326481257558,111.0,2481,774181.9277732531,312.0443078489533,2220.3366857144283,8840.993720274084,dia_semana,Sunday,hora_num,15,,
weekday_hour,Sunday | 16,2122,4,4,False,2111,24.695152376440866,22.133333333333333,30.675,40.8,46.858333333333334,144.78596622084623,2111,79.0,0.037423022264329704,732.0,0.3467550923732828,0.1567977261961156,2122,660.0,0.3110273327049953,1270.0,2122,89.0,0.041941564561734215,106.0,2122,650718.917571442,306.6535898074656,2467.657262500714,8612.32974787936,dia_semana,Sunday,hora_num,16,,
weekday_hour,Sunday | 17,1753,4,4,False,1740,28.33566091954023,25.166666666666668,34.50833333333333,46.111666666666686,55.68166666666665,224.77877532806102,1740,135.0,0.07758620689655173,645.0,0.3706896551724138,0.20229885057471264,1753,571.0,0.3257273245864233,1004.0,1753,79.0,0.0450656018254421,97.0,1753,601938.754094623,343.37635715608843,2063.1827999962857,8397.320601825442,dia_semana,Sunday,hora_num,17,,
weekday_hour,Sunday | 18,1829,4,4,False,1817,31.289029535864977,28.416666666666668,38.65,51.37333333333334,61.52666666666664,248.59842277892398,1817,213.0,0.11722619702806825,695.0,0.3824986241056687,0.2135388002201431,1829,552.0,0.3018042646254784,1045.0,1829,103.0,0.056314926189174414,116.0,1829,693609.9796089404,379.2290757840024,2798.7004035705713,10304.57406779661,dia_semana,Sunday,hora_num,18,,
weekday_hour,Sunday | 19,3782,4,4,False,3767,30.942668790372537,27.766666666666666,37.675,50.080000000000005,58.91833333333332,287.5868376505531,3767,389.0,0.10326519777010884,1174.0,0.3116538359437218,0.16140164587204672,3782,1049.0,0.2773664727657324,2051.0,3782,232.0,0.061343204653622425,268.0,3782,1826682.9402768118,482.9939027701776,8268.193501789572,12045.854793759916,dia_semana,Sunday,hora_num,19,,
weekday_hour,Sunday | 20,4746,4,4,False,4724,33.84626023144228,29.533333333333335,41.037499999999994,56.14833333333331,70.15916666666664,368.5480518591479,4724,701.0,0.14839119390347164,1608.0,0.34038950042337,0.19199830651989838,4746,1228.0,0.2587442056468605,2397.0,4746,298.0,0.06278971765697429,351.0,4746,2805220.9688482317,591.0705791926321,12674.233735706857,12660.10117361989,dia_semana,Sunday,hora_num,20,,
weekday_hour,Sunday | 21,3359,4,4,False,3337,34.53296373988613,31.5,42.86666666666667,57.20666666666667,67.10999999999999,309.10788338987186,3337,563.0,0.1687144141444411,988.0,0.2960743182499251,0.1678154030566377,3359,909.0,0.2706162548377493,1801.0,3359,199.0,0.05924382256623995,215.0,3359,2126091.9959660736,632.9538541131508,6897.902817854429,11794.585093777909,dia_semana,Sunday,hora_num,21,,
weekday_hour,Sunday | 22,2558,5,5,True,2537,28.56579950072264,26.016666666666666,35.8,48.34333333333334,56.05666666666663,241.69612678891144,2537,228.0,0.08986992510839574,713.0,0.2810405991328341,0.1434765471028774,2558,767.0,0.2998436278342455,1504.0,2558,156.0,0.06098514464425332,172.0,2558,1535266.391712496,600.1823267054324,5628.512807147429,9646.333586786552,dia_semana,Sunday,hora_num,22,,
weekday_hour,Sunday | 23,1648,5,5,True,1626,24.474682246822464,21.666666666666664,29.77916666666667,40.25833333333333,48.975,180.63115759127845,1626,79.0,0.04858548585485855,540.0,0.33210332103321033,0.16666666666666666,1648,548.0,0.3325242718446602,1134.0,1648,103.0,0.0625,116.0,1648,904343.2206035001,548.7519542496967,4121.458812501285,8268.001838592232,dia_semana,Sunday,hora_num,23,,
weekday_hour,Thursday | 0,865,4,4,False,860,20.043120155038757,18.45,24.3875,30.983333333333334,37.11833333333333,79.6437383453959,860,7.0,0.00813953488372093,226.0,0.2627906976744186,0.09651162790697675,865,280.0,0.3236994219653179,515.0,865,34.0,0.03930635838150289,36.0,865,371303.31991604815,429.25239296652967,1036.5311107124285,7263.5422312138735,dia_semana,Thursday,hora_num,0,,
weekday_hour,Thursday | 1,428,4,4,False,426,19.876408450704226,17.8,24.533333333333335,30.475,36.90416666666667,92.65026500506306,426,5.0,0.011737089201877934,115.0,0.2699530516431925,0.107981220657277,428,106.0,0.24766355140186916,188.0,428,22.0,0.0514018691588785,24.0,428,184188.72335177346,430.3474844667604,837.1416678601429,7118.876238317757,dia_semana,Thursday,hora_num,1,,
weekday_hour,Thursday | 2,23,4,4,False,23,27.2268115942029,20.05,26.28333333333333,56.223333333333336,59.82999999999999,230.68143280632412,23,4.0,0.17391304347826086,8.0,0.34782608695652173,0.17391304347826086,23,11.0,0.4782608695652174,19.0,23,0.0,0.0,0.0,23,11771.456073216716,511.80243796594414,0.0,7046.643478260869,dia_semana,Thursday,hora_num,2,,
weekday_hour,Thursday | 4,1,1,1,False,0,,,,,,,0,,,,,,1,0.0,0.0,0.0,1,0.0,0.0,0.0,1,359.7802392855715,359.7802392855715,0.0,3140.0,dia_semana,Thursday,hora_num,4,,
weekday_hour,Thursday | 6,1,1,1,False,1,61.81666666666667,61.81666666666667,61.81666666666667,61.81666666666667,61.81666666666667,,1,1.0,1.0,1.0,1.0,1.0,1,1.0,1.0,3.0,1,1.0,1.0,1.0,1,977.5071428579998,977.5071428579998,32.583571429,3776.5,dia_semana,Thursday,hora_num,6,,
weekday_hour,Thursday | 7,198,4,4,False,198,23.220875420875416,21.258333333333333,29.833333333333332,36.11333333333334,42.67249999999998,109.57260486990604,198,4.0,0.020202020202020204,64.0,0.32323232323232326,0.18686868686868688,198,60.0,0.30303030303030304,99.0,198,8.0,0.04040404040404041,8.0,198,48654.918408924,245.7319111561818,101.15649464228571,5962.357449494949,dia_semana,Thursday,hora_num,7,,
weekday_hour,Thursday | 8,657,4,4,False,654,21.349184505606523,19.65,25.3,33.690000000000005,39.58083333333334,85.52452545271856,654,11.0,0.016819571865443424,268.0,0.40978593272171254,0.172782874617737,657,157.0,0.2389649923896499,240.0,657,16.0,0.0243531202435312,18.0,657,157029.64608392987,239.0101158050683,382.7006142862857,6848.741712328767,dia_semana,Thursday,hora_num,8,,
weekday_hour,Thursday | 9,1152,4,4,False,1150,21.01026086956522,18.975,25.4,33.21666666666667,39.7925,93.39118415004856,1150,18.0,0.01565217391304348,445.0,0.3869565217391304,0.14869565217391303,1152,231.0,0.20052083333333334,420.0,1152,21.0,0.018229166666666668,25.0,1152,278194.1200374953,241.48795142143686,481.5852017857143,6479.300017361111,dia_semana,Thursday,hora_num,9,,
weekday_hour,Thursday | 10,1241,4,4,False,1235,21.51715249662618,19.45,26.299999999999997,34.716666666666676,40.721666666666664,101.39804721560581,1235,24.0,0.019433198380566803,506.0,0.4097165991902834,0.16923076923076924,1241,273.0,0.2199838839645447,531.0,1241,41.0,0.033037872683319904,44.0,1241,305542.984087505,246.20707823328365,927.5270428564286,7076.8087912973415,dia_semana,Thursday,hora_num,10,,
weekday_hour,Thursday | 11,1825,4,4,False,1822,23.634943285766557,21.083333333333332,29.191666666666666,38.38,43.74333333333331,122.01939578358997,1822,48.0,0.026344676180021953,769.0,0.42206366630076836,0.18825466520307355,1825,394.0,0.2158904109589041,702.0,1825,57.0,0.03123287671232877,63.0,1825,448921.1798196377,245.98420812034942,1181.3606750024285,7987.583632876712,dia_semana,Thursday,hora_num,11,,
weekday_hour,Thursday | 12,3791,4,4,False,3771,25.541372757005213,23.333333333333332,31.8,40.8,46.141666666666666,131.6999771277115,3771,133.0,0.035269159374171306,1318.0,0.3495094139485548,0.1516839034738796,3791,861.0,0.2271168557108942,1713.0,3791,122.0,0.03218148245845423,131.0,3791,1030137.3876285644,271.7323628669386,2494.6066089317146,8052.180859931416,dia_semana,Thursday,hora_num,12,,
weekday_hour,Thursday | 13,3782,4,4,False,3767,25.30339350499956,23.083333333333332,31.175,40.32333333333334,46.361666666666665,135.56493338281848,3767,135.0,0.03583753650119458,1391.0,0.3692593575789753,0.15343774887178127,3781,988.0,0.2613065326633166,2036.0,3781,158.0,0.04178788680243322,173.0,3782,1020385.2876589468,269.80044623451795,3185.1003607105713,8145.746208355367,dia_semana,Thursday,hora_num,13,,
weekday_hour,Thursday | 14,2920,4,4,False,2908,23.40902109124255,21.3,29.004166666666666,37.693333333333335,43.19250000000001,111.32079463824323,2908,70.0,0.024071526822558458,1185.0,0.4074965612104539,0.16678129298486932,2920,795.0,0.2722602739726027,1577.0,2920,109.0,0.03732876712328767,120.0,2920,731724.8865089056,250.59071455784436,2159.854285722143,7441.230577054795,dia_semana,Thursday,hora_num,14,,
weekday_hour,Thursday | 15,2062,4,4,False,2047,23.289635238560493,20.766666666666666,29.116666666666667,37.84,45.45166666666666,129.29685176218115,2047,66.0,0.03224230581338544,884.0,0.4318514899853444,0.19589643380556912,2062,611.0,0.2963142580019399,1288.0,2062,86.0,0.041707080504364696,92.0,2062,529740.7565214303,256.9062834730506,1592.704782141143,7659.6145829291945,dia_semana,Thursday,hora_num,15,,
weekday_hour,Thursday | 16,1624,4,4,False,1616,23.416707920792074,21.125,28.566666666666666,37.86666666666667,44.02916666666667,125.67062091332971,1616,49.0,0.03032178217821782,686.0,0.4245049504950495,0.19121287128712872,1624,485.0,0.2986453201970443,988.0,1624,71.0,0.0437192118226601,77.0,1624,410492.00394285086,252.7660122800806,1516.948410715143,7521.61569273399,dia_semana,Thursday,hora_num,16,,
weekday_hour,Thursday | 17,1744,4,4,False,1729,24.596597262386737,22.333333333333332,30.6,38.99,45.75666666666665,126.59323220968643,1729,50.0,0.02891844997108155,751.0,0.4343551185656449,0.1978021978021978,1744,518.0,0.29701834862385323,1021.0,1744,75.0,0.0430045871559633,85.0,1744,448723.72416608344,257.2957133979836,1588.2225107134286,7820.994802178899,dia_semana,Thursday,hora_num,17,,
weekday_hour,Thursday | 18,2122,4,4,False,2111,24.585701879046265,22.266666666666666,30.483333333333334,39.75,46.74166666666667,126.69603704136087,2111,78.0,0.03694931312174325,879.0,0.41639033633349126,0.18569398389388916,2122,522.0,0.24599434495758718,938.0,2122,69.0,0.032516493873704054,84.0,2122,519607.20219462324,244.86673053469522,1574.4948999998574,9196.498494344958,dia_semana,Thursday,hora_num,18,,
weekday_hour,Thursday | 19,3950,4,4,False,3927,26.20593752652576,24.333333333333332,32.59166666666667,41.43,47.21499999999998,132.9370300987734,3927,149.0,0.03794244970715559,1607.0,0.4092182327476445,0.1779984721161192,3950,924.0,0.23392405063291138,1716.0,3950,147.0,0.03721518987341772,168.0,3950,1119091.0225571487,283.31418292586045,3817.2346357135716,10828.777344303799,dia_semana,Thursday,hora_num,19,,
weekday_hour,Thursday | 20,6746,4,4,False,6709,26.629974660903265,24.266666666666666,32.81666666666667,42.93666666666666,49.549999999999955,158.41342830883903,6709,336.0,0.05008197943061559,2274.0,0.3389476822179162,0.1427932627813385,6746,1482.0,0.21968573969759858,3304.0,6746,299.0,0.04432256151793656,354.0,6746,2361727.402185737,350.09300358519675,8795.381839286429,10930.923498369404,dia_semana,Thursday,hora_num,20,,
weekday_hour,Thursday | 21,6154,4,4,False,6120,26.973657407407405,24.558333333333334,33.25416666666666,43.91833333333334,51.5,176.01774928211358,6120,354.0,0.05784313725490196,1827.0,0.2985294117647059,0.13431372549019607,6154,1514.0,0.24601884952876177,3120.0,6154,314.0,0.05102372440688983,386.0,6154,2298997.788071408,373.57780111657587,10172.045574992142,10504.804722944427,dia_semana,Thursday,hora_num,21,,
weekday_hour,Thursday | 22,4429,4,4,False,4403,22.829771368006664,20.733333333333334,28.466666666666665,36.84666666666667,43.01166666666665,118.91533001990494,4403,113.0,0.02566431978196684,1406.0,0.31932773109243695,0.12605042016806722,4429,1086.0,0.2452020772183337,2172.0,4429,220.0,0.04967261232783924,249.0,4429,1549822.6759625166,349.92609527263863,6356.163621423714,9054.804747121245,dia_semana,Thursday,hora_num,22,,
weekday_hour,Thursday | 23,2408,4,4,False,2396,19.961734835837508,18.075,24.320833333333333,32.208333333333336,37.74166666666667,91.38160788679153,2396,30.0,0.012520868113522538,807.0,0.33681135225375625,0.12061769616026712,2408,646.0,0.26827242524916944,1242.0,2408,98.0,0.040697674418604654,107.0,2408,906701.7121802008,376.53725588878774,2954.323983935,7831.991858388704,dia_semana,Thursday,hora_num,23,,
weekday_hour,Tuesday | 0,799,5,5,True,792,20.556165824915823,17.825,23.975,32.485,41.23916666666666,140.9777175884246,792,22.0,0.027777777777777776,206.0,0.2601010101010101,0.11363636363636363,799,225.0,0.2816020025031289,454.0,799,26.0,0.03254067584480601,29.0,799,356128.37599107553,445.71761701010706,848.8153642898571,7147.763541927409,dia_semana,Tuesday,hora_num,0,,
weekday_hour,Tuesday | 1,426,5,5,True,417,20.243725019984012,17.666666666666668,24.716666666666665,33.390000000000015,39.64999999999999,113.48128197762304,417,7.0,0.016786570743405275,116.0,0.27817745803357313,0.11270983213429256,426,107.0,0.2511737089201878,197.0,426,13.0,0.03051643192488263,16.0,426,192153.37212319826,451.06425381032454,458.21295892914287,7272.241784037558,dia_semana,Tuesday,hora_num,1,,
weekday_hour,Tuesday | 2,11,4,4,False,11,22.0530303030303,23.233333333333334,28.0,29.633333333333333,32.0,60.13404545454544,11,0.0,0.0,3.0,0.2727272727272727,0.0,11,3.0,0.2727272727272727,10.0,11,0.0,0.0,0.0,11,6094.478869642714,554.0435336038831,0.0,5605.909090909091,dia_semana,Tuesday,hora_num,2,,
weekday_hour,Tuesday | 6,1,1,1,False,1,21.216666666666665,21.216666666666665,21.216666666666665,21.216666666666665,21.216666666666665,,1,0.0,0.0,0.0,0.0,0.0,1,0.0,0.0,0.0,1,0.0,0.0,0.0,1,250.1807142857143,250.1807142857143,0.0,2621.5,dia_semana,Tuesday,hora_num,6,,
weekday_hour,Tuesday | 7,190,5,5,True,189,24.244356261022933,21.7,29.533333333333335,39.670000000000016,44.706666666666656,131.11068015372683,189,7.0,0.037037037037037035,62.0,0.328042328042328,0.1693121693121693,190,62.0,0.3263157894736842,114.0,190,9.0,0.04736842105263158,11.0,190,56936.34503571814,299.66497387220073,268.8322803565714,5924.168421052632,dia_semana,Tuesday,hora_num,7,,
weekday_hour,Tuesday | 8,661,5,5,True,659,21.182422862923623,19.083333333333332,25.608333333333334,33.17666666666667,39.120000000000005,86.6326325706619,659,7.0,0.010622154779969651,231.0,0.3505311077389985,0.13201820940819423,661,137.0,0.20726172465960666,215.0,661,18.0,0.02723146747352496,20.0,661,163250.80928036215,246.97550571915605,444.7571196425714,6542.427980332828,dia_semana,Tuesday,hora_num,8,,
weekday_hour,Tuesday | 9,1220,5,5,True,1214,20.921293245469524,19.09166666666667,25.845833333333335,33.30333333333334,38.97333333333333,93.80887731303852,1214,11.0,0.009060955518945634,472.0,0.38879736408566723,0.14827018121911037,1220,259.0,0.2122950819672131,437.0,1220,29.0,0.023770491803278688,37.0,1220,291882.2192178746,239.247720670389,736.3026696411428,6689.44162295082,dia_semana,Tuesday,hora_num,9,,
weekday_hour,Tuesday | 10,1332,5,5,True,1324,22.022545317220544,19.558333333333334,26.72083333333333,37.88666666666667,44.199166666666656,124.22260104984704,1324,31.0,0.023413897280966767,544.0,0.4108761329305136,0.17069486404833836,1332,286.0,0.2147147147147147,549.0,1332,42.0,0.03153153153153153,49.0,1332,331634.2238803324,248.97464255280212,894.6031803555715,6718.292297297297,dia_semana,Tuesday,hora_num,10,,
weekday_hour,Tuesday | 11,2151,5,5,True,2145,23.10989898989899,20.9,28.583333333333332,37.38000000000001,43.629999999999995,118.81811480633449,2145,45.0,0.02097902097902098,782.0,0.3645687645687646,0.1533799533799534,2151,476.0,0.22129242212924222,934.0,2151,50.0,0.023245002324500233,52.0,2151,527957.0236196353,245.44724482549293,1013.088001786143,8015.522556950255,dia_semana,Tuesday,hora_num,11,,
weekday_hour,Tuesday | 12,4406,5,5,True,4384,25.23623783454988,23.3,31.1375,39.96166666666667,45.78083333333332,120.3388329187051,4384,136.0,0.03102189781021898,1569.0,0.3578923357664234,0.1530565693430657,4406,1030.0,0.23377212891511576,1890.0,4406,147.0,0.03336359509759419,164.0,4406,1152945.102423192,261.67614671429686,3201.793010714,8194.544169314571,dia_semana,Tuesday,hora_num,12,,
weekday_hour,Tuesday | 13,4395,5,5,True,4376,25.335595673369895,22.95,31.35,40.175,47.12083333333334,137.66708567429848,4376,168.0,0.038391224862888484,1586.0,0.3624314442413163,0.15539305301645337,4395,1147.0,0.2609783845278726,2423.0,4395,177.0,0.040273037542662114,186.0,4395,1194489.3822303363,271.78370471680006,3272.68667678,8111.0609544937415,dia_semana,Tuesday,hora_num,13,,
weekday_hour,Tuesday | 14,3352,5,5,True,3343,24.149042775949745,21.7,30.033333333333335,39.040000000000006,46.088333333333296,138.33635455921097,3343,114.0,0.03410110679030811,1341.0,0.40113670355967695,0.17618905174992522,3352,897.0,0.2676014319809069,1858.0,3352,142.0,0.042362768496420046,161.0,3352,869072.775530365,259.2699211009442,2884.416569642143,7988.029692720764,dia_semana,Tuesday,hora_num,14,,
weekday_hour,Tuesday | 15,2408,5,5,True,2398,24.10929941618015,21.483333333333334,29.9125,39.288333333333334,47.01500000000001,158.93551307686337,2398,99.0,0.04128440366972477,913.0,0.38073394495412843,0.17097581317764804,2408,679.0,0.2819767441860465,1378.0,2408,99.0,0.04111295681063123,113.0,2408,633787.0947678576,263.2006207507714,2117.6102660710003,7875.048934800665,dia_semana,Tuesday,hora_num,15,,
weekday_hour,Tuesday | 16,2053,5,5,True,2044,25.114073711676447,21.65,30.175,42.085,51.564166666666665,185.10192425714075,2044,117.0,0.05724070450097847,805.0,0.3938356164383562,0.1771037181996086,2053,693.0,0.33755479785679493,1384.0,2053,94.0,0.04578665367754506,116.0,2053,573249.5850732154,279.2253215164225,2343.0646178591423,7840.047277155381,dia_semana,Tuesday,hora_num,16,,
weekday_hour,Tuesday | 17,1958,5,5,True,1953,25.457936507936513,21.633333333333333,29.95,43.17333333333333,52.309999999999974,243.23080645817072,1953,128.0,0.06554019457245264,716.0,0.36661546338965695,0.16692268305171531,1958,551.0,0.2814096016343207,1027.0,1958,70.0,0.03575076608784474,87.0,1958,520586.9476321328,265.87688847402086,1696.367130355,8140.888194586313,dia_semana,Tuesday,hora_num,17,,
weekday_hour,Tuesday | 18,2371,5,5,True,2353,25.942116447088825,22.65,32.25,43.67666666666667,51.406666666666666,189.50231062645702,2353,131.0,0.055673608159796,865.0,0.36761580960475987,0.16872078198045048,2371,583.0,0.24588781105018978,1134.0,2371,122.0,0.051455082243778996,142.0,2371,625586.5429642767,263.84923785924786,2968.5026910755714,9661.356368620834,dia_semana,Tuesday,hora_num,18,,
weekday_hour,Tuesday | 19,4104,5,5,True,4092,27.708862821766047,24.633333333333333,34.175,45.98166666666667,55.107499999999995,220.7404845915146,4092,305.0,0.07453567937438905,1517.0,0.37072336265884653,0.16959921798631475,4104,960.0,0.23391812865497075,1803.0,4104,160.0,0.03898635477582846,185.0,4104,1268678.2761428528,309.1321335630733,4041.869124997572,11319.228779239766,dia_semana,Tuesday,hora_num,19,,
weekday_hour,Tuesday | 20,6192,5,5,True,6164,27.16500378542072,24.65,33.416666666666664,43.923333333333325,51.3733333333333,168.58259431913038,6164,371.0,0.06018818948734588,2153.0,0.3492861778066191,0.15152498377676835,6192,1724.0,0.2784237726098191,4199.0,6192,328.0,0.05297157622739018,381.0,6192,2200637.478760722,355.4001096189797,8957.386139293714,10962.249694767444,dia_semana,Tuesday,hora_num,20,,
weekday_hour,Tuesday | 21,6794,5,5,True,6750,26.543024691358028,23.783333333333335,32.833333333333336,43.42000000000001,52.010833333333295,195.9594126160742,6750,407.0,0.0602962962962963,2295.0,0.34,0.1554074074074074,6794,1835.0,0.2700912569914631,4461.0,6794,354.0,0.052104798351486604,406.0,6794,2495806.0129357297,367.35443228374004,9051.534080357285,10227.06280100088,dia_semana,Tuesday,hora_num,21,,
weekday_hour,Tuesday | 22,4574,5,5,True,4547,22.349237592551866,20.133333333333333,27.683333333333334,36.05,42.266666666666666,117.45572044319518,4547,105.0,0.023092148669452386,1554.0,0.3417638003078953,0.13723334066417417,4574,1214.0,0.26541320507214694,2559.0,4574,184.0,0.04022737210319195,209.0,4574,1556697.603457138,340.3361616653122,5121.052996429715,8723.852939440314,dia_semana,Tuesday,hora_num,22,,
weekday_hour,Tuesday | 23,2401,5,5,True,2378,20.983999158957104,18.583333333333332,25.266666666666666,34.75,42.24083333333334,132.33765194278433,2378,57.0,0.02396972245584525,807.0,0.33936080740117747,0.13582842724978975,2401,678.0,0.2823823406913786,1314.0,2401,120.0,0.04997917534360683,128.0,2401,946437.8906855641,394.18487742006005,3528.0845535797143,7773.234502290712,dia_semana,Tuesday,hora_num,23,,
weekday_hour,Wednesday | 0,906,5,5,True,900,20.35574074074074,18.15,24.791666666666668,32.28666666666667,37.25416666666666,86.69794253560198,900,8.0,0.008888888888888889,229.0,0.2544444444444444,0.10666666666666667,906,235.0,0.25938189845474613,429.0,906,37.0,0.04083885209713024,41.0,906,390511.6583303504,431.0283204529254,1319.707508931143,7279.688818984548,dia_semana,Wednesday,hora_num,0,,
weekday_hour,Wednesday | 1,507,5,5,True,499,19.02000668002672,16.9,23.166666666666664,29.97,34.95833333333332,85.4844332663542,499,9.0,0.018036072144288578,145.0,0.2905811623246493,0.13026052104208416,507,139.0,0.27416173570019725,243.0,507,23.0,0.045364891518737675,25.0,507,217502.64157499,428.99929304731756,904.8923982161427,6887.269506903353,dia_semana,Wednesday,hora_num,1,,
weekday_hour,Wednesday | 2,7,4,4,False,7,21.947619047619046,22.233333333333334,26.2,28.856666666666666,29.536666666666665,38.066984126984124,7,0.0,0.0,3.0,0.42857142857142855,0.14285714285714285,7,4.0,0.5714285714285714,10.0,7,1.0,0.14285714285714285,1.0,7,4262.661749997571,608.9516785710815,52.00395178557143,6583.785714285715,dia_semana,Wednesday,hora_num,2,,
weekday_hour,Wednesday | 6,2,2,2,False,2,32.108333333333334,32.108333333333334,35.47916666666667,37.501666666666665,38.17583333333334,90.9001388888889,2,0.0,0.0,1.0,0.5,0.5,2,1.0,0.5,1.0,2,0.0,0.0,0.0,2,764.913928570857,382.4569642854285,0.0,9274.5,dia_semana,Wednesday,hora_num,6,,
weekday_hour,Wednesday | 7,246,5,5,True,242,25.28126721763085,21.383333333333333,29.829166666666666,44.78166666666667,53.05583333333333,177.47264439948333,242,15.0,0.06198347107438017,73.0,0.30165289256198347,0.18181818181818182,246,78.0,0.3170731707317073,150.0,246,12.0,0.04878048780487805,13.0,246,77063.93118749757,313.2680129573072,318.532485714,5666.6483739837395,dia_semana,Wednesday,hora_num,7,,
weekday_hour,Wednesday | 8,778,5,5,True,773,22.0011858559724,20.15,27.066666666666666,33.940000000000005,41.20333333333332,103.99688222750264,773,16.0,0.02069857697283312,302.0,0.3906856403622251,0.1591203104786546,778,170.0,0.2185089974293059,289.0,778,20.0,0.02570694087403599,23.0,778,204899.95647322456,263.36755330748656,466.2164874991429,6540.0793766066845,dia_semana,Wednesday,hora_num,8,,
weekday_hour,Wednesday | 9,1358,5,5,True,1349,22.03349394613294,19.65,26.516666666666666,35.87333333333334,42.61999999999998,118.92775364216988,1349,33.0,0.02446256486286138,515.0,0.38176426982950334,0.15567086730911786,1358,317.0,0.23343151693667158,573.0,1358,46.0,0.033873343151693665,57.0,1358,365838.8804357133,269.395346418051,1159.1909660701428,6589.865416053019,dia_semana,Wednesday,hora_num,9,,
weekday_hour,Wednesday | 10,1596,5,5,True,1589,21.440979651772604,18.783333333333335,26.516666666666666,34.63666666666667,41.35666666666666,103.89969782921065,1589,26.0,0.016362492133417242,654.0,0.4115796098174953,0.15859030837004406,1596,350.0,0.21929824561403508,600.0,1596,42.0,0.02631578947368421,45.0,1596,407281.1319375037,255.1886791588369,805.6606732118571,6844.623289473684,dia_semana,Wednesday,hora_num,10,,
weekday_hour,Wednesday | 11,2295,5,5,True,2284,23.478327495621716,20.733333333333334,29.016666666666666,38.22000000000003,44.430833333333325,133.12261959893414,2284,67.0,0.02933450087565674,924.0,0.404553415061296,0.16768826619964974,2292,471.0,0.2054973821989529,932.0,2292,78.0,0.034031413612565446,89.0,2295,572185.1780214228,249.31816035791843,1910.1081339314285,8049.27540087146,dia_semana,Wednesday,hora_num,11,,
weekday_hour,Wednesday | 12,4299,5,5,True,4286,26.642914916783326,24.508333333333333,32.7,42.025,49.475,154.88675816535087,4286,213.0,0.04969668688754083,1516.0,0.35370975268315447,0.16145590293980402,4298,1094.0,0.25453699395067475,2121.0,4298,159.0,0.036993950674732434,175.0,4299,1224075.1513553816,284.73485725875355,3308.910603564143,8502.768279832519,dia_semana,Wednesday,hora_num,12,,
weekday_hour,Wednesday | 13,4170,5,5,True,4152,26.66394910083494,23.941666666666666,32.9375,42.766666666666666,50.12416666666666,162.5852806962496,4152,218.0,0.05250481695568401,1493.0,0.35958574181117536,0.1644990366088632,4170,1084.0,0.2599520383693046,2264.0,4170,171.0,0.04100719424460432,189.0,4170,1195321.2467196588,286.6477809879278,3468.0982482151426,7996.486412470025,dia_semana,Wednesday,hora_num,13,,
weekday_hour,Wednesday | 14,3452,5,5,True,3439,24.395337791993796,21.966666666666665,30.258333333333333,39.78666666666667,46.971666666666664,138.79753950111126,3439,129.0,0.03751090433265484,1390.0,0.4041872637394591,0.17621401570223902,3452,1005.0,0.29113557358053305,2271.0,3452,140.0,0.04055619930475087,169.0,3452,957421.4494107245,277.35267943531994,3505.4638017899997,7548.280354866745,dia_semana,Wednesday,hora_num,14,,
weekday_hour,Wednesday | 15,2433,5,5,True,2418,24.453198235456302,21.666666666666668,30.45,40.67000000000001,47.505,161.43857892717384,2418,97.0,0.040115798180314306,1034.0,0.42762613730355664,0.1989247311827957,2433,723.0,0.2971639950678175,1648.0,2433,117.0,0.04808877928483354,142.0,2433,684687.7750500053,281.41708797780734,2768.667469644857,7644.6150945334975,dia_semana,Wednesday,hora_num,15,,
weekday_hour,Wednesday | 16,1942,5,5,True,1929,25.058545014688093,21.933333333333334,30.933333333333334,42.00333333333334,48.61,174.98095953475516,1929,90.0,0.04665629860031104,805.0,0.41731467081389323,0.1855883877656817,1942,656.0,0.33779608650875387,1457.0,1942,107.0,0.05509783728115345,114.0,1942,576922.7839267832,297.0766137625042,2206.3547232124283,7615.615360453142,dia_semana,Wednesday,hora_num,16,,
weekday_hour,Wednesday | 17,1982,5,5,True,1971,24.89391171993912,22.183333333333334,30.975,40.766666666666666,47.28333333333333,140.25966595971536,1971,79.0,0.040081177067478435,801.0,0.4063926940639269,0.19228817858954844,1982,620.0,0.31281533804238143,1198.0,1982,91.0,0.04591321897073663,102.0,1982,546569.367082146,275.7665827861483,1858.2369678572857,8024.959298688193,dia_semana,Wednesday,hora_num,17,,
weekday_hour,Wednesday | 18,2476,5,5,True,2471,25.00366248482396,22.65,31.066666666666666,40.483333333333334,46.425,139.92276761991053,2471,94.0,0.03804127883447997,942.0,0.3812221772561716,0.15823553217320924,2476,671.0,0.2710016155088853,1343.0,2476,102.0,0.04119547657512116,131.0,2476,643684.4805321372,259.96949940716365,2464.8568803584285,9418.186492326335,dia_semana,Wednesday,hora_num,18,,
weekday_hour,Wednesday | 19,4727,5,5,True,4702,25.663246136395863,23.59166666666667,32.0,40.89833333333334,46.983333333333334,136.15371900489833,4702,166.0,0.03530412590387069,1684.0,0.35814547001276054,0.1522756273925989,4727,1149.0,0.24307171567590438,2218.0,4727,157.0,0.03321345462238206,178.0,4727,1300146.7291018118,275.04690693924516,3454.947491072286,10619.6908567802,dia_semana,Wednesday,hora_num,19,,
weekday_hour,Wednesday | 20,7463,5,5,True,7427,26.45966742964858,24.233333333333334,32.35,42.4,48.55,145.3277149790071,7427,332.0,0.04470176383465733,2340.0,0.3150666487141511,0.13127777029756293,7463,1667.0,0.22336861851802225,3390.0,7463,292.0,0.03912635669301889,342.0,7463,2402867.207482146,321.9706830339201,7621.064535707286,10729.830631783465,dia_semana,Wednesday,hora_num,20,,
weekday_hour,Wednesday | 21,5317,4,4,False,5288,26.91509392334846,24.7,33.18333333333333,43.48833333333334,50.92749999999999,160.72861168442853,5288,309.0,0.05843419062027232,1643.0,0.3107034795763994,0.13407715582450833,5316,1346.0,0.25319789315274643,2848.0,5316,212.0,0.0398796087283672,251.0,5317,1836858.1690928761,345.4689052271725,5278.502785716429,10160.986666353207,dia_semana,Wednesday,hora_num,21,,
weekday_hour,Wednesday | 22,3737,4,4,False,3718,23.671503496503494,21.433333333333334,29.195833333333333,38.34333333333334,45.18583333333333,130.27237825184858,3718,123.0,0.03308230231307154,1307.0,0.35153308230231306,0.14281871974179666,3737,974.0,0.2606368744982606,2169.0,3737,164.0,0.043885469628043884,179.0,3737,1246727.4367892852,333.6171894003974,4231.272473217714,8653.372448488091,dia_semana,Wednesday,hora_num,22,,
weekday_hour,Wednesday | 23,2172,4,4,False,2156,20.468537414965986,18.725,25.083333333333332,32.06666666666666,37.825,89.07355592120838,2156,29.0,0.013450834879406308,724.0,0.3358070500927644,0.12430426716141002,2172,607.0,0.2794659300184162,1203.0,2172,102.0,0.04696132596685083,110.0,2172,760339.2634212552,350.06411759726296,2871.099871437857,7602.466558471456,dia_semana,Wednesday,hora_num,23,,
weather,Drizzle,20850,41,5,True,20725,28.67939203860072,25.483333333333334,35.21666666666667,47.19333333333337,56.3,249.37263856750724,20725,1730.0,0.08347406513872135,7193.0,0.34706875753920385,0.17138721351025332,20850,5525.0,0.26498800959232616,10826.0,20850,936.0,0.04489208633093525,1055.0,20850,8875458.76942315,425.6814757517098,27459.36238393971,10070.30709856115,lluvia,Drizzle,,,,
weather,Dry,290118,565,32,True,288595,25.589340771669644,22.916666666666668,31.6,41.733333333333334,49.18333333333333,169.2783633142201,288595,13970.0,0.04840693705712157,101500.0,0.3517039449747917,0.15506852163065887,290113,74914.0,0.2582235198009052,149503.0,290113,12229.0,0.042152540561781096,13934.0,290118,99036705.61450073,341.3669803821229,333849.7014696534,9225.27201588664,lluvia,Dry,,,,
weather,Rain,2010,3,1,False,1998,24.93918084751418,22.791666666666668,30.958333333333332,40.63166666666666,45.471666666666614,126.96888931363067,1998,60.0,0.03003003003003003,690.0,0.34534534534534533,0.13913913913913914,2010,512.0,0.25472636815920396,971.0,2010,72.0,0.03582089552238806,80.0,2010,610133.8233464123,303.5491658439862,1454.7197642869999,9593.125781094528,lluvia,Rain,,,,
weather,Unknown,21166,41,4,False,21060,24.74962725546059,22.333333333333332,30.783333333333335,40.168333333333365,47.20083333333332,144.8491005754499,21060,846.0,0.040170940170940174,7544.0,0.3582146248812915,0.15408357075023743,21165,5301.0,0.2504606661941885,10495.0,21165,851.0,0.04020789038506969,958.0,21166,6625210.8902713265,313.011947948187,21754.030235722857,8908.085270953416,lluvia,Unknown,,,,
weather_hour,Drizzle | 0,304,1,1,False,303,20.92920792079208,18.983333333333334,25.8,32.03333333333334,37.673333333333325,75.65549524985612,303,2.0,0.006600660066006601,82.0,0.2706270627062706,0.0891089108910891,304,94.0,0.3092105263157895,151.0,304,11.0,0.03618421052631579,11.0,304,167953.87930356426,552.4798661301456,389.64953392857143,8452.737532894736,lluvia,Drizzle,hora_num,0,,
weather_hour,Drizzle | 1,211,1,1,False,209,20.957814992025522,19.55,24.7,30.90666666666667,35.91,77.211810961334,209,3.0,0.014354066985645933,82.0,0.3923444976076555,0.14354066985645933,211,59.0,0.2796208530805687,87.0,211,8.0,0.037914691943127965,8.0,211,117680.2839999943,557.7264644549492,324.9474464298571,7823.45971563981,lluvia,Drizzle,hora_num,1,,
weather_hour,Drizzle | 2,97,3,3,False,97,21.785395189003438,20.2,26.3,31.62666666666667,39.26333333333329,86.10907556557846,97,2.0,0.020618556701030927,33.0,0.3402061855670103,0.16494845360824742,97,35.0,0.36082474226804123,64.0,97,2.0,0.020618556701030927,2.0,97,58111.542355353144,599.0880655191046,100.23125000014286,7445.469072164949,lluvia,Drizzle,hora_num,2,,
weather_hour,Drizzle | 3,9,3,3,False,9,69.09814814814814,62.016666666666666,80.63333333333334,107.01000000000002,152.0633333333333,2889.521836419753,9,5.0,0.5555555555555556,5.0,0.5555555555555556,0.5555555555555556,9,1.0,0.1111111111111111,1.0,9,0.0,0.0,0.0,9,5670.792467856571,630.0880519840634,0.0,7323.055555555556,lluvia,Drizzle,hora_num,3,,
weather_hour,Drizzle | 6,8,1,1,False,7,50.773809523809526,51.733333333333334,55.275000000000006,58.413333333333334,59.29833333333333,50.82100529100529,7,4.0,0.5714285714285714,7.0,1.0,0.8571428571428571,8,1.0,0.125,1.0,8,0.0,0.0,0.0,8,3048.191410714143,381.02392633926786,0.0,6581.875,lluvia,Drizzle,hora_num,6,,
weather_hour,Drizzle | 7,55,2,2,False,53,39.79654088050314,31.316666666666666,40.083333333333336,69.79666666666667,103.41666666666664,695.5251854539591,53,10.0,0.18867924528301888,25.0,0.4716981132075472,0.37735849056603776,55,10.0,0.18181818181818182,15.0,55,2.0,0.03636363636363636,2.0,55,21681.985732140998,394.2179224025636,44.60571428542857,6531.054545454545,lluvia,Drizzle,hora_num,7,,
weather_hour,Drizzle | 8,114,1,1,False,112,19.92440476190476,18.4,24.545833333333334,28.70333333333334,32.915,62.05693657943658,112,1.0,0.008928571428571428,37.0,0.33035714285714285,0.13392857142857142,114,28.0,0.24561403508771928,43.0,114,4.0,0.03508771929824561,4.0,114,29884.74140356686,262.14685441725317,86.54370892785714,5946.536666666666,lluvia,Drizzle,hora_num,8,,
weather_hour,Drizzle | 9,239,1,1,False,237,20.08945147679325,18.65,25.0,33.11333333333334,37.29999999999998,82.73682799351592,237,1.0,0.004219409282700422,95.0,0.4008438818565401,0.16877637130801687,239,61.0,0.25523012552301255,98.0,239,5.0,0.02092050209205021,5.0,239,63974.714414282585,267.6766293484627,100.56180892842858,6688.151715481172,lluvia,Drizzle,hora_num,9,,
weather_hour,Drizzle | 10,603,2,2,False,600,20.840527777777776,18.808333333333334,24.720833333333335,33.92166666666667,39.9875,104.14641958742966,600,10.0,0.016666666666666666,232.0,0.38666666666666666,0.14,603,131.0,0.21724709784411278,227.0,603,23.0,0.03814262023217247,26.0,603,149634.65608035141,248.15034175846006,514.078282145,7344.85748756219,lluvia,Drizzle,hora_num,10,,
weather_hour,Drizzle | 12,1651,2,2,False,1641,28.18285598212472,26.033333333333335,34.36666666666667,44.3,51.2,175.65329939936814,1641,99.0,0.0603290676416819,598.0,0.364411943936624,0.16331505179768435,1651,454.0,0.274984857662023,880.0,1651,67.0,0.04058146577831617,76.0,1651,509047.38501965045,308.3267020106908,1555.3389946425714,8971.520148394913,lluvia,Drizzle,hora_num,12,,
weather_hour,Drizzle | 13,1542,2,2,False,1537,28.744036000867492,25.6,34.95,46.63,56.87999999999999,201.989927876886,1537,122.0,0.07937540663630449,527.0,0.3428757319453481,0.17436564736499674,1542,424.0,0.27496757457846954,933.0,1542,63.0,0.04085603112840467,69.0,1542,486596.1355785844,315.5616962247629,1540.2088839301427,8630.065022697796,lluvia,Drizzle,hora_num,13,,
weather_hour,Drizzle | 14,2014,3,3,False,2000,26.250658333333334,23.883333333333333,31.966666666666665,42.101666666666674,49.337499999999984,159.57341557994278,2000,100.0,0.05,777.0,0.3885,0.181,2014,616.0,0.3058589870903674,1308.0,2014,104.0,0.05163853028798411,116.0,2014,617172.3132678699,306.4410691498857,2372.900773216,8788.598800893744,lluvia,Drizzle,hora_num,14,,
weather_hour,Drizzle | 15,1323,3,3,False,1312,29.50268038617886,24.741666666666667,35.6125,50.69166666666668,63.833333333333336,396.91792123618757,1312,139.0,0.10594512195121951,619.0,0.4717987804878049,0.28125,1323,467.0,0.3529856386999244,1014.0,1323,84.0,0.06349206349206349,94.0,1323,447417.23978573846,338.18385471333215,1949.5200892877142,8360.440634920635,lluvia,Drizzle,hora_num,15,,
weather_hour,Drizzle | 16,672,2,2,False,668,36.82277944111777,28.925,42.6625,69.02166666666668,90.34249999999999,754.5891842171479,668,127.0,0.19011976047904192,279.0,0.4176646706586826,0.2694610778443114,672,209.0,0.31101190476190477,358.0,672,29.0,0.043154761904761904,33.0,672,301691.2778267792,448.9453539088976,716.9090964307143,9519.58898809524,lluvia,Drizzle,hora_num,16,,
weather_hour,Drizzle | 17,797,2,2,False,793,28.314228667507358,25.433333333333334,35.11666666666667,45.99333333333334,57.019999999999996,226.44794017660135,793,62.0,0.07818411097099622,325.0,0.4098360655737705,0.21437578814627994,797,254.0,0.3186951066499373,491.0,797,38.0,0.04767879548306148,45.0,797,247492.14574641484,310.5296684396673,868.8442785681428,8469.633808030112,lluvia,Drizzle,hora_num,17,,
weather_hour,Drizzle | 18,996,2,2,False,990,27.288249158249158,24.35,34.44583333333333,45.70833333333335,53.52916666666667,189.1202033127591,990,75.0,0.07575757575757576,342.0,0.34545454545454546,0.15757575757575756,996,254.0,0.25502008032128515,441.0,996,43.0,0.04317269076305221,49.0,996,291016.3583642777,292.18509875931494,841.5403124975714,9596.611054216866,lluvia,Drizzle,hora_num,18,,
weather_hour,Drizzle | 19,2958,3,3,False,2949,28.266751441166495,26.133333333333333,35.233333333333334,44.870000000000005,51.70666666666666,165.2327062531757,2949,182.0,0.06171583587656833,980.0,0.3323160393353679,0.14988131570023736,2958,754.0,0.2549019607843137,1486.0,2958,132.0,0.04462474645030426,148.0,2958,1072641.272917855,362.6238245158401,3632.823191072429,11288.85800540906,lluvia,Drizzle,hora_num,19,,
weather_hour,Drizzle | 20,4361,3,3,False,4341,29.632369653689626,27.083333333333332,36.45,47.733333333333334,55.68333333333333,205.58969997996573,4341,379.0,0.08730707210320203,1253.0,0.2886431697765492,0.13660446901635567,4361,1007.0,0.2309103416647558,1998.0,4361,194.0,0.04448520981426279,224.0,4361,1996571.3915250192,457.82421268631487,6294.344741071,11937.747334326988,lluvia,Drizzle,hora_num,20,,
weather_hour,Drizzle | 21,961,1,1,False,955,40.463054101221644,35.9,49.24166666666667,68.10000000000001,86.35333333333332,536.495512500564,955,238.0,0.24921465968586387,365.0,0.38219895287958117,0.2617801047120419,961,201.0,0.20915712799167535,353.0,961,29.0,0.030176899063475548,35.0,961,886931.9157249948,922.9260309313162,1719.0616857172859,14200.011592091572,lluvia,Drizzle,hora_num,21,,
weather_hour,Drizzle | 22,662,1,1,False,655,36.15190839694657,33.38333333333333,46.31666666666666,59.303333333333335,70.63333333333333,343.8484082620684,655,135.0,0.20610687022900764,201.0,0.3068702290076336,0.183206106870229,662,142.0,0.21450151057401812,227.0,662,28.0,0.04229607250755287,30.0,662,615273.1529999785,929.4156389727772,1605.5295250027143,12446.35349697885,lluvia,Drizzle,hora_num,22,,
weather_hour,Drizzle | 23,1273,2,2,False,1257,23.026876160169717,20.6,28.633333333333333,37.650000000000006,45.166666666666664,121.75081571156231,1257,34.0,0.027048528241845664,329.0,0.2617342879872713,0.10421638822593476,1273,323.0,0.2537313432835821,650.0,1273,70.0,0.05498821681068342,78.0,1273,785967.3934981631,617.4135062829247,2801.7230678581427,8574.418303220738,lluvia,Drizzle,hora_num,23,,
weather_hour,Dry | 0,6070,28,28,True,6021,20.70010241931019,18.533333333333335,25.083333333333332,33.0,39.233333333333334,103.22902735200392,6021,108.0,0.017937219730941704,1571.0,0.2609201129380502,0.1029729280850357,6070,1708.0,0.2813838550247117,3378.0,6070,266.0,0.043822075782537065,290.0,6070,2947833.8579534497,485.63984480287473,9999.022617876286,7544.997685337727,lluvia,Dry,hora_num,0,,
weather_hour,Dry | 1,3336,28,28,True,3299,19.5094523593008,17.716666666666665,23.2,30.620000000000005,36.285,87.1328200490318,3299,42.0,0.012731130645650197,940.0,0.2849348287359806,0.10397090027280995,3336,847.0,0.25389688249400477,1463.0,3336,115.0,0.03447242206235012,127.0,3336,1564353.137274878,468.9307965452272,4559.213807153999,7236.692637889689,lluvia,Dry,hora_num,1,,
weather_hour,Dry | 2,369,24,24,True,367,22.622661217075386,20.05,27.066666666666666,34.33666666666667,43.931666666666665,158.3292824249854,367,11.0,0.02997275204359673,114.0,0.3106267029972752,0.16348773841961853,369,138.0,0.37398373983739835,276.0,369,21.0,0.056910569105691054,21.0,369,213019.1043482023,577.2875456590848,653.9549267875714,7124.527127371273,lluvia,Dry,hora_num,2,,
weather_hour,Dry | 3,17,9,9,False,16,45.77083333333333,44.95833333333333,54.22916666666667,80.4,98.6375,783.1505370370372,16,6.0,0.375,8.0,0.5,0.5,17,3.0,0.17647058823529413,4.0,17,1.0,0.058823529411764705,1.0,17,8746.320889286288,514.4894640756639,27.7675,8161.588235294118,lluvia,Dry,hora_num,3,,
weather_hour,Dry | 4,3,3,3,False,2,80.26666666666667,80.26666666666667,107.74166666666667,124.22666666666667,129.72166666666666,6039.005000000001,2,1.0,0.5,2.0,1.0,0.5,3,0.0,0.0,0.0,3,0.0,0.0,0.0,3,915.3057535720002,305.1019178573334,0.0,8969.666666666666,lluvia,Dry,hora_num,4,,
weather_hour,Dry | 5,12,6,6,False,9,115.40185185185184,127.5,148.66666666666666,154.67333333333335,165.82,2038.841558641975,9,8.0,0.8888888888888888,9.0,1.0,0.8888888888888888,12,3.0,0.25,6.0,12,0.0,0.0,0.0,12,6120.437869642857,510.0364891369047,0.0,8510.5,lluvia,Dry,hora_num,5,,
weather_hour,Dry | 6,28,10,10,False,25,54.52866666666668,47.05,67.03333333333333,103.53000000000002,120.40333333333328,1011.1386462962961,25,9.0,0.36,14.0,0.56,0.52,28,15.0,0.5357142857142857,41.0,28,3.0,0.10714285714285714,3.0,28,19057.270892858145,680.6168176020766,72.48142857100001,7459.821428571428,lluvia,Dry,hora_num,6,,
weather_hour,Dry | 7,1151,27,27,True,1128,26.881575059101657,23.516666666666666,32.824999999999996,45.79833333333334,54.96166666666663,209.69342069553437,1128,79.0,0.0700354609929078,388.0,0.34397163120567376,0.19946808510638298,1151,380.0,0.3301476976542137,707.0,1151,55.0,0.04778453518679409,62.0,1151,363180.24169821444,315.534527974122,1309.626601784,6180.16477410947,lluvia,Dry,hora_num,7,,
weather_hour,Dry | 8,3686,28,28,True,3666,23.44503546099291,20.9,28.379166666666666,38.53333333333333,45.3,131.58641054444476,3666,127.0,0.03464266230223677,1333.0,0.3636115657392253,0.16803055100927441,3686,888.0,0.24091155724362454,1482.0,3686,98.0,0.026587086272381984,109.0,3686,993568.6729767988,269.5520002650024,2259.5016607115713,6629.965899348887,lluvia,Dry,hora_num,8,,
weather_hour,Dry | 9,6686,28,28,True,6653,22.35932411443459,20.1,27.333333333333332,35.983333333333334,42.47333333333333,114.0504724451612,6653,149.0,0.022395911618818577,2541.0,0.3819329625732752,0.15466706748835113,6686,1500.0,0.22434938677834282,2599.0,6686,161.0,0.024080167514208793,194.0,6686,1770775.965371417,264.8483346352703,3790.932160711428,6714.721210738858,lluvia,Dry,hora_num,9,,
weather_hour,Dry | 10,7703,27,27,True,7666,22.525717453691627,20.058333333333334,27.595833333333335,37.166666666666664,43.333333333333336,132.30904958666437,7666,182.0,0.02374119488651187,3030.0,0.3952517610226976,0.1706235324810853,7703,1757.0,0.22809295079839023,3133.0,7703,247.0,0.03206542905361547,281.0,7703,2039436.86619103,264.758777903548,5637.191214274286,7173.359406075555,lluvia,Dry,hora_num,10,,
weather_hour,Dry | 11,12194,28,28,True,12153,23.599596807372667,21.25,28.966666666666665,38.15,44.45666666666666,126.05402811808943,12153,352.0,0.028964041800378506,4784.0,0.39364765901423515,0.16506212457829342,12191,2655.0,0.21778361086047085,4925.0,12191,364.0,0.029858092035107867,407.0,12194,3167661.376803566,259.7721319340303,8385.349153582143,8263.163833852714,lluvia,Dry,hora_num,11,,
weather_hour,Dry | 12,21794,26,26,True,21702,25.7770842933063,23.65833333333333,31.916666666666668,40.833333333333336,47.18333333333333,136.96789592509407,21702,860.0,0.039627684084416186,7634.0,0.35176481430282924,0.15321168555893466,21793,5119.0,0.23489193777818565,9556.0,21793,721.0,0.03308401780388198,806.0,21794,6047786.174969649,277.4977597031132,15993.501330356712,8704.626212719097,lluvia,Dry,hora_num,12,,
weather_hour,Dry | 13,22476,26,26,True,22375,25.997181378026067,23.633333333333333,32.016666666666666,41.35,48.371666666666655,146.04003965490782,22375,975.0,0.04357541899441341,7870.0,0.351731843575419,0.152536312849162,22476,5763.0,0.25640683395622,11814.0,22476,943.0,0.04195586403274604,1046.0,22476,6459301.518841082,287.38661322482125,20430.50431605857,8622.181523180283,lluvia,Dry,hora_num,13,,
weather_hour,Dry | 14,18528,26,26,True,18447,24.493367485227953,22.166666666666668,30.433333333333334,39.75,46.45,137.50102752843952,18447,656.0,0.03556133788691928,6980.0,0.37838130861386676,0.16257386024827886,18528,5074.0,0.27385578583765113,10427.0,18528,719.0,0.03880613126079447,813.0,18528,5128115.574432134,276.7765314352404,15799.593748211571,8127.16941466969,lluvia,Dry,hora_num,14,,
weather_hour,Dry | 15,13723,26,26,True,13654,24.090028563058443,21.566666666666666,29.8,39.32833333333335,46.372499999999974,145.79859879391378,13654,503.0,0.03683902153215175,5325.0,0.38999560568331626,0.17584590596162297,13723,4019.0,0.2928659914012971,8411.0,13723,595.0,0.043357866355753116,667.0,13723,3801306.4880982465,277.0025860306235,12701.885735707428,8086.598720396415,lluvia,Dry,hora_num,15,,
weather_hour,Dry | 16,11868,27,27,True,11810,24.47672876093706,21.65,30.195833333333333,40.48500000000001,47.38666666666662,155.01254319765692,11810,466.0,0.039458086367485184,4634.0,0.3923793395427604,0.17722269263336154,11868,3811.0,0.3211156049882036,7755.0,11868,534.0,0.04499494438827098,604.0,11868,3342007.413155347,281.59819794028874,11955.303569638141,7832.00651710482,lluvia,Dry,hora_num,16,,
weather_hour,Dry | 17,11064,27,27,True,11015,25.68591768800121,22.466666666666665,31.15,41.95,50.1,199.81338339979754,11015,583.0,0.052927825692237855,4283.0,0.388833408987744,0.18538356786200635,11064,3357.0,0.3034164859002169,6318.0,11064,477.0,0.04311279826464208,551.0,11064,3202492.008098169,289.45155532340647,10817.420487493571,8110.083871113522,lluvia,Dry,hora_num,17,,
weather_hour,Dry | 18,13342,27,27,True,13283,26.4487201686366,23.433333333333334,32.75,43.11333333333335,51.34833333333333,179.15170204609248,13283,758.0,0.05706542196792893,5206.0,0.3919295339908153,0.18023036964541142,13342,3642.0,0.2729725678309099,7020.0,13342,618.0,0.0463198920701544,746.0,13342,3864189.297966026,289.62594048613596,16106.949621436714,9488.71244566032,lluvia,Dry,hora_num,18,,
weather_hour,Dry | 19,24171,26,26,True,24054,26.985797234001275,24.616666666666667,33.28333333333333,42.916666666666664,50.18333333333333,174.78035731627557,24054,1262.0,0.05246528643884593,8806.0,0.36609295751226406,0.15914193065602394,24171,5839.0,0.24157047701791404,10854.0,24171,908.0,0.03756567787844938,1045.0,24171,7991056.653712546,330.60513233678984,26240.512117868857,11045.72076600058,lluvia,Dry,hora_num,19,,
weather_hour,Dry | 20,37767,26,26,True,37593,27.556219686289115,24.983333333333334,33.81666666666667,44.196666666666715,52.016666666666666,185.5744354712089,37593,2329.0,0.06195302316920703,12263.0,0.3262043465538797,0.14162211049929507,37767,8944.0,0.2368205046733921,18652.0,37767,1672.0,0.04427145391479334,1932.0,37767,15184069.443219725,402.0459513125142,52498.93308392643,11223.44751237853,lluvia,Dry,hora_num,20,,
weather_hour,Dry | 21,35512,27,27,True,35314,28.42783928942252,25.566666666666666,35.05,46.75,55.483333333333334,216.7765978977689,35314,2792.0,0.07906212833437164,11075.0,0.3136149968850881,0.14824149062694683,35511,9099.0,0.2562304637999493,19720.0,35511,1792.0,0.050463236743544256,2070.0,35512,14863027.548169626,418.53535560288424,53352.229421413576,10758.175025202749,lluvia,Dry,hora_num,21,,
weather_hour,Dry | 22,25084,28,28,True,24925,25.293139418254764,22.466666666666665,31.3,41.81666666666667,50.1,184.8914681144666,24925,1305.0,0.05235707121364092,8272.0,0.3318756268806419,0.1451554663991976,25084,6578.0,0.26223887737203,13589.0,25084,1217.0,0.04851698293733057,1388.0,25084,10285283.755196448,410.0336371869099,37840.095471418426,9366.962527706904,lluvia,Dry,hora_num,22,,
weather_hour,Dry | 23,13534,27,27,True,13418,22.007822825060863,19.4,26.85,36.20500000000002,44.39333333333331,139.15728271576825,13418,407.0,0.030332389327768668,4418.0,0.32925920405425546,0.13735280965866747,13534,3775.0,0.2789271464459879,7373.0,13534,702.0,0.05186936604108172,771.0,13534,5773401.180618815,426.58498452924596,23417.73149467114,8032.3195998965575,lluvia,Dry,hora_num,23,,
weather_hour,Rain | 11,351,1,1,False,347,22.79226705091259,20.133333333333333,28.09166666666667,38.710000000000015,43.806666666666665,116.19861616868322,347,9.0,0.025936599423631124,150.0,0.4322766570605187,0.18155619596541786,351,69.0,0.19658119658119658,100.0,351,9.0,0.02564102564102564,9.0,351,93547.32806785656,266.51660418192756,180.62983392757144,8781.370584045584,lluvia,Rain,hora_num,11,,
weather_hour,Rain | 12,729,1,1,False,725,24.29202298850575,22.416666666666668,30.066666666666666,39.34,43.66999999999999,117.13025127325838,725,16.0,0.022068965517241378,238.0,0.32827586206896553,0.11172413793103449,729,172.0,0.23593964334705075,315.0,729,16.0,0.02194787379972565,16.0,729,214720.56834284985,294.5412460121397,236.959125,9196.877133058984,lluvia,Rain,hora_num,12,,
weather_hour,Rain | 13,930,1,1,False,926,26.250377969762418,24.358333333333334,32.44583333333333,42.05,46.65833333333333,135.1943665236511,926,35.0,0.03779697624190065,302.0,0.326133909287257,0.1447084233261339,930,271.0,0.2913978494623656,556.0,930,47.0,0.05053763440860215,55.0,930,301865.9269357059,324.58701821043644,1037.1308053594285,10210.105715053764,lluvia,Rain,hora_num,13,,
weather_hour,Unknown | 0,458,2,2,False,455,20.24882783882784,18.633333333333333,24.59166666666667,31.390000000000015,38.41333333333333,83.27436597494528,455,5.0,0.01098901098901099,106.0,0.23296703296703297,0.09010989010989011,458,134.0,0.2925764192139738,237.0,458,19.0,0.04148471615720524,26.0,458,221422.71479103813,483.4557091507383,916.1989678585715,7405.893165938865,lluvia,Unknown,hora_num,0,,
weather_hour,Unknown | 1,202,2,2,False,200,19.06325,16.258333333333333,23.575000000000003,32.19166666666666,36.82666666666667,89.56215884282523,200,3.0,0.015,62.0,0.31,0.11,202,50.0,0.24752475247524752,88.0,202,14.0,0.06930693069306931,15.0,202,97630.1642785653,483.31764494339257,623.6171571418572,6536.40594059406,lluvia,Unknown,hora_num,1,,
weather_hour,Unknown | 2,9,2,2,False,9,31.618518518518517,19.583333333333332,56.65,60.28666666666666,60.49333333333333,432.19607253086417,9,3.0,0.3333333333333333,5.0,0.5555555555555556,0.3333333333333333,9,2.0,0.2222222222222222,7.0,9,0.0,0.0,0.0,9,4376.733730356715,486.3037478174127,0.0,6640.611111111111,lluvia,Unknown,hora_num,2,,
weather_hour,Unknown | 6,1,1,1,False,1,61.81666666666667,61.81666666666667,61.81666666666667,61.81666666666667,61.81666666666667,,1,1.0,1.0,1.0,1.0,1.0,1,1.0,1.0,3.0,1,1.0,1.0,1.0,1,977.5071428579998,977.5071428579998,32.583571429,3776.5,lluvia,Unknown,hora_num,6,,
weather_hour,Unknown | 7,89,2,2,False,88,25.3217803030303,21.558333333333334,31.9125,41.22,48.97999999999997,139.0292807021363,88,5.0,0.056818181818181816,26.0,0.29545454545454547,0.18181818181818182,89,31.0,0.34831460674157305,42.0,89,3.0,0.033707865168539325,3.0,89,24038.021341067146,270.09012742772074,33.52178571414286,6120.69606741573,lluvia,Unknown,hora_num,7,,
weather_hour,Unknown | 8,297,2,2,False,293,21.766154721274177,20.05,25.933333333333334,34.75666666666667,39.89666666666666,92.90509962285911,293,5.0,0.017064846416382253,112.0,0.3822525597269625,0.14675767918088736,297,65.0,0.21885521885521886,101.0,297,9.0,0.030303030303030304,9.0,297,71594.19848570856,241.0579073592881,172.98926250085717,7034.994629629629,lluvia,Unknown,hora_num,8,,
weather_hour,Unknown | 9,543,2,2,False,542,20.579151291512918,18.333333333333336,24.858333333333334,34.10666666666667,38.49583333333333,100.04140371459167,542,9.0,0.016605166051660517,196.0,0.36162361623616235,0.13653136531365315,543,116.0,0.2136279926335175,195.0,543,19.0,0.034990791896869246,19.0,543,130742.06014464027,240.7772746678458,359.9380821442857,6830.389917127072,lluvia,Unknown,hora_num,9,,
weather_hour,Unknown | 10,549,2,2,False,546,21.31370573870574,19.175,27.0625,34.75833333333333,40.42916666666666,102.1683026337407,546,8.0,0.014652014652014652,226.0,0.4139194139194139,0.17399267399267399,549,134.0,0.24408014571949,243.0,549,19.0,0.03460837887067395,22.0,549,133772.15900535358,243.66513480027973,457.19806785685716,7190.182176684881,lluvia,Unknown,hora_num,10,,
weather_hour,Unknown | 11,806,2,2,False,802,22.430029093931836,20.59166666666667,27.958333333333332,35.92999999999999,41.35583333333332,108.57672266526428,802,13.0,0.016209476309226933,300.0,0.3740648379052369,0.16708229426433915,806,162.0,0.20099255583126552,291.0,806,25.0,0.031017369727047148,31.0,806,192854.38040713643,239.27342482274992,636.9035517858572,7820.086594292804,lluvia,Unknown,hora_num,11,,
weather_hour,Unknown | 12,1757,2,2,False,1752,25.11204337899543,22.675,30.9375,40.506666666666675,45.57083333333332,129.96084986117955,1752,55.0,0.03139269406392694,588.0,0.3356164383561644,0.1312785388127854,1757,414.0,0.23562891291974958,867.0,1757,55.0,0.03130335799658509,57.0,1757,489495.9554642694,278.59758421415444,1006.2691410708572,8148.063019351167,lluvia,Unknown,hora_num,12,,
weather_hour,Unknown | 13,1760,2,2,False,1757,24.85702902675014,22.716666666666665,30.0,39.59,45.43999999999999,129.85521109995423,1757,56.0,0.03187250996015936,622.0,0.35401252134319866,0.15139442231075698,1759,438.0,0.2490051165434906,833.0,1759,60.0,0.03411028993746447,64.0,1760,469767.89556787314,266.91357702720063,1253.757323215,8099.827821022727,lluvia,Unknown,hora_num,13,,
weather_hour,Unknown | 14,1393,2,2,False,1388,23.03536263208453,21.525,28.3625,36.11833333333333,41.53833333333333,99.19212457400278,1388,21.0,0.015129682997118156,528.0,0.3804034582132565,0.15129682997118155,1393,392.0,0.2814070351758794,739.0,1393,52.0,0.03732950466618808,55.0,1393,354102.7649606966,254.20155417135433,919.5988214312856,7629.29488155061,lluvia,Unknown,hora_num,14,,
weather_hour,Unknown | 15,989,2,2,False,986,22.909110885733604,20.775,29.033333333333335,36.44166666666666,43.96666666666667,112.02768932711658,986,26.0,0.02636916835699797,404.0,0.40973630831643004,0.16937119675456389,989,280.0,0.28311425682507585,609.0,989,38.0,0.03842264914054601,42.0,989,253408.38308036,256.2268787465723,760.0892660721429,7680.774898887766,lluvia,Unknown,hora_num,15,,
weather_hour,Unknown | 16,788,2,2,False,783,22.19291187739464,20.083333333333332,27.508333333333333,36.640000000000015,42.29333333333333,110.06449750614887,783,18.0,0.022988505747126436,289.0,0.36909323116219667,0.16347381864623245,788,224.0,0.28426395939086296,459.0,788,26.0,0.03299492385786802,28.0,788,196670.68986606784,249.58209373866478,495.7863767857143,7594.871434010152,lluvia,Unknown,hora_num,16,,
weather_hour,Unknown | 17,831,2,2,False,821,23.93593179049939,21.783333333333335,30.4,38.333333333333336,44.5,119.71736451349896,821,19.0,0.023142509135200974,351.0,0.42752740560292324,0.20584652862362973,831,242.0,0.29121540312876054,512.0,831,50.0,0.06016847172081829,58.0,831,215974.45871072783,259.8970622271093,1139.2207714274284,7785.508898916968,lluvia,Unknown,hora_num,17,,
weather_hour,Unknown | 18,980,2,2,False,975,23.79379487179487,21.533333333333335,29.45,38.78666666666667,45.09333333333333,131.9924936836378,975,32.0,0.03282051282051282,386.0,0.3958974358974359,0.17846153846153845,980,246.0,0.2510204081632653,463.0,980,32.0,0.0326530612244898,34.0,980,239408.13599820843,244.29401632470248,653.1839678558572,8797.49825,lluvia,Unknown,hora_num,18,,
weather_hour,Unknown | 19,1792,2,2,False,1789,24.63787963480529,22.983333333333334,31.35,39.303333333333335,43.92666666666666,112.09423143243427,1789,43.0,0.024035774175517048,695.0,0.38848518725544995,0.16657350475125768,1792,393.0,0.21930803571428573,708.0,1792,67.0,0.037388392857142856,76.0,1792,462510.2449125141,258.0972348842155,1536.7415910734285,10713.653967633929,lluvia,Unknown,hora_num,19,,
weather_hour,Unknown | 20,2984,2,2,False,2965,26.597650365373802,24.383333333333333,33.1,42.78666666666666,49.89999999999998,157.279749313162,2965,153.0,0.05160202360876897,1006.0,0.33929173693086,0.13591905564924114,2984,657.0,0.22017426273458446,1364.0,2984,110.0,0.03686327077747989,129.0,2984,955369.4151089472,320.1640131062156,2875.8278196412857,10904.849534182305,lluvia,Unknown,hora_num,20,,
weather_hour,Unknown | 21,2220,2,2,False,2202,30.65701634877384,27.691666666666666,37.5625,50.81333333333334,60.271666666666626,245.1454216203091,2202,254.0,0.11534968210717529,712.0,0.32334241598546776,0.16939146230699365,2220,579.0,0.2608108108108108,1201.0,2220,119.0,0.053603603603603604,144.0,2220,963124.7817214219,433.83999176640623,3418.2360053555713,10828.867513513514,lluvia,Unknown,hora_num,21,,
weather_hour,Unknown | 22,1678,2,2,False,1671,25.921753441053262,23.166666666666668,32.483333333333334,43.71666666666667,51.61666666666667,165.2394095716407,1671,101.0,0.06044284859365649,583.0,0.34889287851585876,0.15439856373429084,1678,448.0,0.266984505363528,925.0,1678,84.0,0.050059594755661505,87.0,1678,688369.0525624948,410.2318549240136,2349.2097553582857,9210.712249702026,lluvia,Unknown,hora_num,22,,
weather_hour,Unknown | 23,1040,2,2,False,1035,21.496489533011275,19.516666666666666,26.416666666666664,33.86333333333334,38.57666666666667,98.73483077667413,1035,16.0,0.015458937198067632,346.0,0.3342995169082126,0.13526570048309178,1040,293.0,0.28173076923076923,608.0,1040,49.0,0.047115384615384615,58.0,1040,459601.1729910213,441.92420479905894,2113.158950004571,7762.402139423078,lluvia,Unknown,hora_num,23,,
weather_demand,Drizzle | High,16082,18,5,True,15998,28.827701379339082,25.966666666666665,35.56666666666667,47.0,55.68583333333333,220.14658719376902,15998,1309.0,0.08182272784098012,5361.0,0.33510438804850606,0.16170771346418303,16082,4121.0,0.2562492227334909,8200.0,16082,722.0,0.044894913567964184,815.0,16082,6856178.799862484,426.3262529450618,21255.677473220145,10545.652748725282,lluvia,Drizzle,demand_band,High,,
weather_demand,Drizzle | Low,283,10,3,False,278,26.7310551558753,21.575000000000003,30.066666666666666,43.190000000000005,57.7891666666666,402.71975812851525,278,22.0,0.07913669064748201,107.0,0.38489208633093525,0.22302158273381295,283,75.0,0.26501766784452296,124.0,283,8.0,0.028268551236749116,8.0,283,118397.25336963171,418.3648528962251,231.38067321342857,6635.640212014134,lluvia,Drizzle,demand_band,Low,,
weather_demand,Drizzle | Medium,4485,13,4,False,4449,28.267835468644638,23.616666666666667,34.166666666666664,47.77,59.7733333333333,344.55923736760764,4449,399.0,0.08968307484828052,1725.0,0.3877275792312879,0.20296695886716115,4485,1329.0,0.2963210702341137,2502.0,4485,206.0,0.04593088071348941,232.0,4485,1900882.716191034,423.83115188205886,5972.304237506142,8582.570639910813,lluvia,Drizzle,demand_band,Medium,,
weather_demand,Dry | High,203318,213,31,True,202303,26.248968461499175,23.683333333333334,32.416666666666664,42.5,50.03333333333333,171.62540197884348,202303,10541.0,0.052105010800630736,69301.0,0.3425604168005418,0.15012629570495742,203316,51541.0,0.2535019378701135,104675.0,203316,8779.0,0.043179090676582266,10014.0,203318,71855718.89451757,353.415432448271,245354.35386962345,9798.822496925997,lluvia,Dry,demand_band,High,,
weather_demand,Dry | Low,8019,137,29,True,7919,23.605053247463907,20.55,28.316666666666666,38.85333333333333,47.28333333333333,173.11523094458374,7919,321.0,0.040535421139032704,2589.0,0.32693521909331985,0.15835332744033337,8019,2248.0,0.28033420626013217,4059.0,8019,303.0,0.03778526000748223,335.0,8019,3101782.469646321,386.804148852266,9351.343398227571,6851.821944756203,lluvia,Dry,demand_band,Low,,
weather_demand,Dry | Medium,78781,215,30,True,78373,24.0871513999294,21.233333333333334,29.566666666666666,39.7,47.10666666666657,159.05901449719124,78373,3108.0,0.039656514360813036,29610.0,0.3778086841131512,0.1674939073405382,78778,21125.0,0.2681586229658026,40769.0,78778,3147.0,0.0399477011348346,3585.0,78781,24079204.25033685,305.647354696397,79144.00420180243,7986.642897399118,lluvia,Dry,demand_band,Medium,,
weather_demand,Rain | High,1659,2,1,False,1651,25.390409852614578,23.6,31.5,40.916666666666664,45.791666666666664,128.1312658857911,1651,51.0,0.030890369473046637,540.0,0.32707450030284674,0.13022410660205935,1659,443.0,0.26702833031946954,871.0,1659,63.0,0.0379746835443038,71.0,1659,516586.4952785558,311.38426478514515,1274.0899303594288,9764.871455696202,lluvia,Rain,demand_band,High,,
weather_demand,Rain | Medium,351,1,1,False,347,22.79226705091259,20.133333333333333,28.09166666666667,38.710000000000015,43.806666666666665,116.19861616868322,347,9.0,0.025936599423631124,150.0,0.4322766570605187,0.18155619596541786,351,69.0,0.19658119658119658,100.0,351,9.0,0.02564102564102564,9.0,351,93547.32806785656,266.51660418192756,180.62983392757144,8781.370584045584,lluvia,Rain,demand_band,Medium,,
weather_demand,Unknown | High,14170,15,4,False,14108,25.88251346753615,23.508333333333333,32.11666666666667,41.871666666666684,49.30499999999999,156.70272082931223,14108,688.0,0.048766657215764106,4951.0,0.35093563935355826,0.15083640487666572,14169,3473.0,0.2451125696944033,6950.0,14169,573.0,0.04044039805208554,642.0,14170,4597729.535267819,324.4692685439533,14292.735483933142,9527.997958362737,lluvia,Unknown,demand_band,High,,
weather_demand,Unknown | Low,425,8,2,False,419,21.963444709626092,19.416666666666668,27.608333333333334,36.129999999999995,43.07166666666665,119.68991848836308,419,14.0,0.03341288782816229,139.0,0.3317422434367542,0.14558472553699284,425,114.0,0.26823529411764707,195.0,425,23.0,0.05411764705882353,24.0,425,159070.19624820474,374.2828147016582,774.9225446422856,6694.367164705882,lluvia,Unknown,demand_band,Low,,
weather_demand,Unknown | Medium,6571,18,3,False,6533,22.481856217153936,20.3,27.816666666666666,36.68,42.089999999999996,112.48996588100395,6533,144.0,0.022041940915352824,2454.0,0.3756314097658044,0.16164090004592072,6571,1714.0,0.26084309846294323,3350.0,6571,255.0,0.03880687870948105,292.0,6571,1868411.1587553038,284.3419812441491,6686.3722071474285,7714.45681479227,lluvia,Unknown,demand_band,Medium,,
weather_supply,Drizzle | High,15324,17,5,True,15240,28.851292650918637,26.016666666666666,35.61666666666667,47.05,55.617499999999986,219.58781460443595,15240,1246.0,0.08175853018372703,5009.0,0.3286745406824147,0.15898950131233597,15324,3895.0,0.2541764552336205,7815.0,15324,694.0,0.045288436439571915,784.0,15324,6884324.178453548,449.2511210162848,21478.453344655714,10636.408972853042,lluvia,Drizzle,supply_band,High,,
weather_supply,Drizzle | Low,759,11,3,False,751,22.40843320017754,18.9,26.033333333333335,36.46666666666667,44.483333333333334,218.6228087863096,751,26.0,0.03462050599201065,292.0,0.38881491344873503,0.17976031957390146,759,182.0,0.23978919631093545,307.0,759,22.0,0.028985507246376812,22.0,759,228679.58065355613,301.2906200969119,435.29269464171426,6860.093722002636,lluvia,Drizzle,supply_band,Low,,
weather_supply,Drizzle | Medium,4767,13,4,False,4734,29.120821011125194,24.833333333333332,35.12916666666666,48.95833333333332,60.74083333333327,343.72003497150104,4734,458.0,0.09674693705111956,1892.0,0.3996620194338826,0.20997042670046473,4767,1448.0,0.3037549821690791,2704.0,4767,220.0,0.04615061883784351,249.0,4767,1762455.0103160467,369.7199518179246,5545.616344642285,8761.644801762113,lluvia,Drizzle,supply_band,Medium,,
weather_supply,Dry | High,189630,199,31,True,188627,26.18459808687692,23.583333333333332,32.333333333333336,42.5,50.11166666666637,173.8294915567476,188627,9878.0,0.05236790067169599,64069.0,0.33965975178526936,0.1488599193116574,189629,48206.0,0.25421217218885295,98592.0,189629,8355.0,0.04405971660452779,9509.0,189630,68671531.59312789,362.13432259203654,237111.8344821343,9790.744001133786,lluvia,Dry,supply_band,High,,
weather_supply,Dry | Low,17284,158,29,True,17153,22.962569229872322,20.35,27.85,37.46666666666667,44.239999999999995,143.18276310936434,17153,508.0,0.029615810645368158,6263.0,0.3651256339998834,0.1621873724712878,17284,4244.0,0.24554501272853507,7369.0,17284,537.0,0.031069196945151586,614.0,17284,5190963.682685642,300.33346925975707,13982.310119636,6934.313590893312,lluvia,Dry,supply_band,Low,,
weather_supply,Dry | Medium,83195,202,29,True,82808,24.771953796734614,21.983333333333334,30.5,40.68333333333333,48.016666666666666,160.87245415961485,82808,3579.0,0.043220461791131294,31162.0,0.3763162979422278,0.16768911216307603,83191,22463.0,0.2700171893594259,43538.0,83191,3337.0,0.040112512170787706,3811.0,83195,25170937.496878266,302.5534887538706,82755.55686788313,8412.583702926859,lluvia,Dry,supply_band,Medium,,
weather_supply,Dry | Unknown,9,6,6,False,7,91.53095238095239,83.1,136.85,147.18666666666667,147.92666666666665,2627.9076322751316,7,5.0,0.7142857142857143,6.0,0.8571428571428571,0.7142857142857143,9,1.0,0.1111111111111111,4.0,9,0.0,0.0,0.0,9,3272.8418089280003,363.64908988088894,0.0,6789.388888888889,lluvia,Dry,supply_band,Unknown,,
weather_supply,Rain | High,930,1,1,False,926,26.250377969762418,24.358333333333334,32.44583333333333,42.05,46.65833333333333,135.1943665236511,926,35.0,0.03779697624190065,302.0,0.326133909287257,0.1447084233261339,930,271.0,0.2913978494623656,556.0,930,47.0,0.05053763440860215,55.0,930,301865.9269357059,324.58701821043644,1037.1308053594285,10210.105715053764,lluvia,Rain,supply_band,High,,
weather_supply,Rain | Medium,1080,2,1,False,1072,23.80656094527363,21.533333333333335,29.670833333333334,39.245,43.79833333333333,117.21277048367715,1072,25.0,0.02332089552238806,388.0,0.3619402985074627,0.13432835820895522,1080,241.0,0.22314814814814815,415.0,1080,25.0,0.023148148148148147,25.0,1080,308267.89641070645,285.4332374173208,417.5889589275714,9061.83750462963,lluvia,Rain,supply_band,Medium,,
weather_supply,Unknown | High,13797,15,4,False,13736,25.799119103086777,23.433333333333334,32.06666666666667,41.71666666666667,49.25833333333333,157.21292225110483,13736,668.0,0.04863133372160745,4809.0,0.3501019219569016,0.15026208503203262,13796,3405.0,0.24681066975935054,6829.0,13796,569.0,0.041243838793853294,642.0,13797,4603083.739853533,333.62932085623925,14992.51213215157,9557.27141443792,lluvia,Unknown,supply_band,High,,
weather_supply,Unknown | Low,1308,11,2,False,1299,21.127610982807287,18.883333333333333,25.691666666666666,34.576666666666675,40.074999999999996,103.57471598825114,1299,26.0,0.020015396458814474,475.0,0.36566589684372597,0.14857582755966128,1308,305.0,0.23318042813455658,498.0,1308,49.0,0.03746177370030581,52.0,1308,339760.0846678389,259.7554164127209,1126.1353642874285,6765.494319571866,lluvia,Unknown,supply_band,Low,,
weather_supply,Unknown | Medium,6061,15,2,False,6025,23.137872752420467,20.866666666666667,28.766666666666666,37.62666666666667,43.44333333333334,117.66192102187532,6025,152.0,0.025228215767634853,2260.0,0.375103734439834,0.16398340248962656,6061,1591.0,0.26249793763405377,3168.0,6061,233.0,0.03844250123741957,264.0,6061,1682367.0657499544,277.5725236347062,5635.3827392838575,7892.689749216301,lluvia,Unknown,supply_band,Medium,,
demand_supply,High | High,211437,213,31,True,210367,26.440859545461027,23.866666666666667,32.65,42.839999999999904,50.5,175.57822733869804,210367,11416.0,0.054267066602651556,71589.0,0.34030527601762633,0.1497097928857663,211435,53483.0,0.2529524440135266,109264.0,211435,9254.0,0.043767588147657674,10536.0,211437,76610264.02718896,362.33139907957906,260523.33523928156,9902.466234031886,demand_band,High,supply_band,High,,
demand_supply,High | Medium,23792,35,23,True,23693,26.008373781285613,23.483333333333334,32.18333333333333,42.13333333333333,49.4,161.5970759129952,23693,1173.0,0.0495082935888237,8564.0,0.36145697041320224,0.16068036972945596,23791,6095.0,0.2561893152872935,11432.0,23791,883.0,0.03711487537304022,1006.0,23792,7215949.697737473,303.2931110346954,21653.52151785457,9218.900454984869,demand_band,High,supply_band,Medium,,
demand_supply,Low | Low,6998,130,32,True,6909,23.776774255801612,20.65,28.566666666666666,39.35,48.06666666666667,181.51764093772485,6909,304.0,0.04400057895498625,2320.0,0.33579389202489507,0.1661600810536981,6998,1889.0,0.26993426693340955,3318.0,6998,258.0,0.036867676478994,284.0,6998,2432643.3183213836,347.6197939870511,7383.501482144571,6743.57676336096,demand_band,Low,supply_band,Low,,
demand_supply,Low | Medium,1720,19,17,True,1700,22.73404901960784,20.133333333333333,27.4875,37.25166666666667,43.93749999999999,136.94741447016122,1700,48.0,0.02823529411764706,509.0,0.2994117647058824,0.13176470588235295,1720,547.0,0.31802325581395346,1056.0,1720,76.0,0.044186046511627906,83.0,1720,943333.7591338464,548.4498599615386,2974.145133938714,7218.080063953489,demand_band,Low,supply_band,Medium,,
demand_supply,Low | Unknown,9,6,6,False,7,91.53095238095239,83.1,136.85,147.18666666666667,147.92666666666665,2627.9076322751316,7,5.0,0.7142857142857143,6.0,0.8571428571428571,0.7142857142857143,9,1.0,0.1111111111111111,4.0,9,0.0,0.0,0.0,9,3272.8418089280003,363.64908988088894,0.0,6789.388888888889,demand_band,Low,supply_band,Unknown,,
demand_supply,Medium | High,8244,19,17,True,8162,23.91768357428735,20.475,29.4125,40.54666666666668,49.59916666666666,188.50722704239678,8162,411.0,0.05035530507228621,2600.0,0.31854937515314874,0.1477579024748836,8244,2294.0,0.27826297913634157,4528.0,8244,411.0,0.04985443959243086,454.0,8244,3850541.411181736,467.0719809778913,14096.595525019427,8153.861587821447,demand_band,Medium,supply_band,High,,
demand_supply,Medium | Low,12353,50,31,True,12294,22.277266688357464,19.9,27.166666666666668,36.1,42.472499999999975,121.5817521739071,12294,256.0,0.020823165771921264,4710.0,0.3831137140068326,0.1595900439238653,12353,2842.0,0.23006557111632803,4856.0,12353,350.0,0.02833319841334089,404.0,12353,3326760.029685653,269.30786284187263,8160.236696420571,7019.930674330122,demand_band,Medium,supply_band,Low,,
demand_supply,Medium | Medium,69591,178,31,True,69246,24.539120671230105,21.583333333333332,30.083333333333332,40.358333333333334,47.96666666666667,170.13323948623494,69246,2993.0,0.04322271322531265,26629.0,0.3845565086792017,0.17302082430754123,69588,19101.0,0.2744869805138817,37337.0,69588,2856.0,0.0410415588894637,3260.0,69591,20764744.012483656,298.3826071256866,69726.47825894356,8155.147385078531,demand_band,Medium,supply_band,Medium,,
relative_demand_supply,High | High,98615,160,23,True,98120,24.92423342166055,22.533333333333335,30.9,40.583333333333336,47.266666666666666,144.6521392686033,98120,3875.0,0.03949245821443131,33998.0,0.3464940888707705,0.14601508357113738,98612,24663.0,0.25010140753660814,48756.0,98612,4058.0,0.041151178355575385,4635.0,98615,33687740.15671029,341.6086818101738,114258.55692677913,9275.061357602799,relative_demand_band,High,relative_supply_band,High,,
relative_demand_supply,High | Low,3177,8,5,True,3170,23.067045215562562,20.666666666666668,28.379166666666666,37.22666666666666,44.11749999999995,128.5483172368315,3170,91.0,0.028706624605678233,1036.0,0.32681388012618295,0.13375394321766562,3177,771.0,0.24268177525967893,1521.0,3177,136.0,0.04280768020144791,160.0,3177,920557.1600981911,289.75673909291504,3336.3615392904285,8806.212714825306,relative_demand_band,High,relative_supply_band,Low,,
relative_demand_supply,High | Medium,27502,47,20,True,27345,24.154080575364173,21.983333333333334,29.983333333333334,38.93333333333333,45.3,130.67904730098087,27345,831.0,0.0303894679100384,9717.0,0.3553483269336259,0.14503565551289083,27502,6834.0,0.24849101883499383,13668.0,27502,1037.0,0.0377063486291906,1166.0,27502,8539613.14516242,310.5088046382961,25756.022467859715,8973.510697585629,relative_demand_band,High,relative_supply_band,Medium,,
relative_demand_supply,High | Unknown,8,5,5,False,6,103.25,105.3,141.52499999999998,147.43333333333334,148.04999999999998,1999.8661111111105,6,5.0,0.8333333333333334,6.0,1.0,0.8333333333333334,8,1.0,0.125,4.0,8,0.0,0.0,0.0,8,3022.661094642286,377.83263683028576,0.0,7310.375,relative_demand_band,High,relative_supply_band,Unknown,,
relative_demand_supply,Low | High,5823,12,8,True,5788,35.72502591568763,31.216666666666665,44.57083333333334,62.753333333333345,76.0708333333333,451.51093442130855,5788,1134.0,0.195922598479613,2019.0,0.3488251554941258,0.21890117484450589,5823,1446.0,0.24832560535806286,2678.0,5823,416.0,0.07144083805598489,499.0,5823,3599208.8243927993,618.1021508488407,17106.466346436715,11701.732367336424,relative_demand_band,Low,relative_supply_band,High,,
relative_demand_supply,Low | Low,61396,146,25,True,61052,27.233097741815723,24.233333333333334,33.68333333333333,44.733333333333334,53.43333333333333,205.50795925993145,61052,4146.0,0.06790932319989518,21553.0,0.353026927864771,0.165645679093232,61396,16836.0,0.27421981888070884,33391.0,61396,2605.0,0.04242947423284905,2950.0,61396,23417721.080121282,381.4209570675823,72243.159366077,9483.335984184638,relative_demand_band,Low,relative_supply_band,Low,,
relative_demand_supply,Low | Medium,26768,59,25,True,26621,27.545957452136786,24.45,33.81666666666667,45.166666666666664,54.333333333333336,225.2816133529104,26621,1881.0,0.07065850268584951,9623.0,0.3614815371323391,0.17561323766950904,26768,7346.0,0.2744321578003586,15130.0,26768,1224.0,0.04572624028690974,1366.0,26768,9569053.890366,357.4810927363269,31573.332183940143,9180.678781754334,relative_demand_band,Low,relative_supply_band,Medium,,
relative_demand_supply,Medium | High,20225,42,21,True,20114,27.327357396175135,24.3,33.72916666666667,44.78333333333333,53.23916666666664,211.33795522095267,20114,1367.0,0.06796261310529979,6821.0,0.3391170329123993,0.1615789997017003,20225,5233.0,0.2587391841779975,10551.0,20225,987.0,0.048800988875154515,1153.0,20225,7886350.5922517525,389.93080802233635,30870.793287490145,9524.838650927071,relative_demand_band,Medium,relative_supply_band,High,,
relative_demand_supply,Medium | Low,36320,68,25,True,36143,24.401041695487372,22.116666666666667,29.983333333333334,39.333333333333336,45.61500000000002,133.82729969294417,36143,1209.0,0.03345046067011593,12343.0,0.34150457903328446,0.14398362061810033,36318,9502.0,0.26163334985406683,18728.0,36318,1439.0,0.039622225893496336,1603.0,36320,11349716.819249753,312.492203173176,35793.34399820943,9135.100146751101,relative_demand_band,Medium,relative_supply_band,Low,,
relative_demand_supply,Medium | Medium,54309,102,24,True,54018,24.737452022165453,22.383333333333333,30.633333333333333,40.166666666666664,46.95,147.0293300574992,54018,2067.0,0.038265022770187715,19811.0,0.3667481209967048,0.15913214113813914,54308,13620.0,0.2507917802165427,27368.0,54308,2186.0,0.04025189658982102,2495.0,54309,16174274.587380208,297.81941459758434,53579.777737520286,8915.148203060266,relative_demand_band,Medium,relative_supply_band,Medium,,
relative_demand_supply,Medium | Unknown,1,1,1,False,1,21.216666666666665,21.216666666666665,21.216666666666665,21.216666666666665,21.216666666666665,,1,0.0,0.0,0.0,0.0,0.0,1,0.0,0.0,0.0,1,0.0,0.0,0.0,1,250.1807142857143,250.1807142857143,0.0,2621.5,relative_demand_band,Medium,relative_supply_band,Unknown,,
weather_relative_supply,Drizzle | High,9958,19,3,False,9899,25.231210223254873,23.083333333333332,31.125,40.686666666666675,47.63666666666668,139.33925535926144,9899,395.0,0.03990302050712193,3362.0,0.3396302656834024,0.14466107687645216,9958,2489.0,0.24994978911427998,4777.0,9958,423.0,0.04247840931914039,485.0,9958,3618710.24280352,363.3972929105764,11919.893105363142,9422.695626631856,lluvia,Drizzle,relative_supply_band,High,,
weather_relative_supply,Drizzle | Low,5491,12,3,False,5457,32.05802638812535,28.266666666666666,40.266666666666666,54.02333333333334,64.52666666666664,321.90155854915696,5457,740.0,0.13560564412680962,1974.0,0.3617372182517867,0.20322521531977278,5491,1497.0,0.2726279366235658,3096.0,5491,236.0,0.042979420870515386,270.0,5491,3027726.6717749843,551.3980462165333,8300.863041080142,10532.41668639592,lluvia,Drizzle,relative_supply_band,Low,,
weather_relative_supply,Drizzle | Medium,5401,10,5,True,5369,31.602905569007262,27.883333333333333,37.916666666666664,51.01999999999998,62.753333333333316,336.5581144862169,5369,595.0,0.11082138200782268,1857.0,0.3458744645185323,0.1883032222015273,5401,1539.0,0.2849472319940752,2953.0,5401,277.0,0.051286798740973895,300.0,5401,2229021.8548446456,412.70539804566664,7238.6062374964295,10794.519520459173,lluvia,Drizzle,relative_supply_band,Medium,,
weather_relative_supply,Dry | High,111730,189,24,True,111155,25.938217654026655,23.133333333333333,32.03333333333333,42.45,50.266666666666666,179.68559983495172,111155,5910.0,0.053168998245692954,38388.0,0.3453555845441051,0.1527146777023076,111728,28188.0,0.2522912788199914,55905.0,111728,4938.0,0.044196620363740516,5696.0,111730,40775437.79452276,364.9461898731116,148032.01492141158,9469.644312181152,lluvia,Dry,relative_supply_band,High,,
weather_relative_supply,Dry | Low,85743,192,29,True,85299,25.80254848630503,23.066666666666666,31.8,41.96666666666667,49.68499999999985,171.42663905303752,85299,4312.0,0.05055158911593336,29657.0,0.3476828567744053,0.15526559514179533,85741,23212.0,0.27072229155246613,46006.0,85741,3590.0,0.04187028376156098,4044.0,85743,29725474.41515498,346.68106335391786,94913.67354821315,9285.960046651038,lluvia,Dry,relative_supply_band,Low,,
weather_relative_supply,Dry | Medium,92636,178,29,True,92134,24.96603769147836,22.516666666666666,30.9,40.583333333333336,47.516666666666666,153.67121922710524,92134,3743.0,0.040625610523802286,33449.0,0.36304730067076213,0.1576833742158161,92635,23513.0,0.2538241485399687,47588.0,92635,3701.0,0.039952501754196575,4194.0,92636,28532520.563014068,308.0068284793608,90904.01300002872,8874.594444114598,lluvia,Dry,relative_supply_band,Medium,,
weather_relative_supply,Dry | Unknown,9,6,6,False,7,91.53095238095239,83.1,136.85,147.18666666666667,147.92666666666665,2627.9076322751316,7,5.0,0.7142857142857143,6.0,0.8571428571428571,0.7142857142857143,9,1.0,0.1111111111111111,4.0,9,0.0,0.0,0.0,9,3272.8418089280003,363.64908988088894,0.0,6789.388888888889,lluvia,Dry,relative_supply_band,Unknown,,
weather_relative_supply,Rain | Low,2010,3,1,False,1998,24.93918084751418,22.791666666666668,30.958333333333332,40.63166666666666,45.471666666666614,126.96888931363067,1998,60.0,0.03003003003003003,690.0,0.34534534534534533,0.13913913913913914,2010,512.0,0.25472636815920396,971.0,2010,72.0,0.03582089552238806,80.0,2010,610133.8233464123,303.5491658439862,1454.7197642869999,9593.125781094528,lluvia,Rain,relative_supply_band,Low,,
weather_relative_supply,Unknown | High,2975,6,2,False,2968,23.274382300089847,20.916666666666668,28.816666666666666,37.665000000000006,43.38250000000001,125.64096243148529,2968,71.0,0.023921832884097036,1088.0,0.3665768194070081,0.14723719676549865,2974,665.0,0.22360457296570277,1303.0,2974,100.0,0.03362474781439139,106.0,2975,779151.5360285639,261.89967597598786,2283.908533931286,7920.895132773109,lluvia,Unknown,relative_supply_band,High,,
weather_relative_supply,Unknown | Low,7649,15,3,False,7611,25.224510576796742,22.8,31.233333333333334,40.9,48.025,152.49748591717164,7611,334.0,0.04388385231901196,2611.0,0.34305610300880307,0.14584154513204572,7649,1888.0,0.24682965093476272,3567.0,7649,282.0,0.03686756438750163,319.0,7649,2324660.149192849,303.9168713809451,6703.608549996571,8979.123556674074,lluvia,Unknown,relative_supply_band,Low,,
weather_relative_supply,Unknown | Medium,10542,20,4,False,10481,24.822539197913688,22.466666666666665,30.966666666666665,40.43333333333333,47.6,143.97548652895796,10481,441.0,0.042076137773113254,3845.0,0.36685430779505773,0.1620074420379735,10542,2748.0,0.26067159931701767,5625.0,10542,469.0,0.04448871181938911,533.0,10542,3521399.205049914,334.0352120138412,12766.513151795,9135.131259723013,lluvia,Unknown,relative_supply_band,Medium,,
peak_weather_supply,False | Drizzle | High,3855,6,3,False,3824,24.773034344490934,22.5,30.775,40.25166666666668,47.93916666666665,145.08849745759306,3824,151.0,0.03948744769874477,1330.0,0.34780334728033474,0.1571652719665272,3855,1116.0,0.28949416342412454,2326.0,3855,211.0,0.054734111543450065,234.0,3855,1551524.5942767572,402.4707118746452,5853.401912502857,8606.217128404669,peak_hour,False,lluvia,Drizzle,supply_band,High
peak_weather_supply,False | Drizzle | Low,759,11,3,False,751,22.40843320017754,18.9,26.033333333333335,36.46666666666667,44.483333333333334,218.6228087863096,751,26.0,0.03462050599201065,292.0,0.38881491344873503,0.17976031957390146,759,182.0,0.23978919631093545,307.0,759,22.0,0.028985507246376812,22.0,759,228679.58065355613,301.2906200969119,435.29269464171426,6860.093722002636,peak_hour,False,lluvia,Drizzle,supply_band,Low
peak_weather_supply,False | Drizzle | Medium,4101,12,4,False,4072,28.99740913555992,24.383333333333333,34.80416666666667,49.09666666666667,61.34083333333333,361.73856277456866,4072,398.0,0.09774066797642436,1647.0,0.40446954813359526,0.21488212180746563,4101,1245.0,0.3035844915874177,2316.0,4101,190.0,0.04633016337478664,217.0,4101,1528193.3407267542,372.63919549542896,4823.360755359001,8808.566093635698,peak_hour,False,lluvia,Drizzle,supply_band,Medium
peak_weather_supply,False | Dry | High,36280,59,29,True,36069,23.325364810040018,20.833333333333332,28.883333333333333,38.13333333333333,45.15,135.70819581507268,36069,1141.0,0.03163381296958607,12848.0,0.3562061604147606,0.15021209348748232,36280,10060.0,0.2772877618522602,20225.0,36280,1578.0,0.043495038588754135,1756.0,36280,12168945.344927734,335.4174571369276,42764.57370716757,8140.6443069184115,peak_hour,False,lluvia,Dry,supply_band,High
peak_weather_supply,False | Dry | Low,17281,157,29,True,17150,22.944547133138972,20.35,27.85,37.435,44.22583333333332,141.23920703568464,17150,505.0,0.02944606413994169,6260.0,0.3650145772594752,0.1620408163265306,17281,4241.0,0.24541403853943639,7350.0,17281,535.0,0.030958856547653492,612.0,17281,5183689.676826713,299.9646824157579,13907.710739279571,6933.437770094322,peak_hour,False,lluvia,Dry,supply_band,Low
peak_weather_supply,False | Dry | Medium,69744,184,29,True,69406,24.335399677261332,21.516666666666666,29.883333333333333,40.03333333333333,47.295833333333334,157.17824308265747,69406,2796.0,0.04028470161081175,26466.0,0.3813214995821687,0.17011497565052014,69741,19270.0,0.27630805408583187,37739.0,69741,2863.0,0.041051892000401484,3279.0,69744,20850272.656828277,298.95435674507166,70821.6412821637,8170.2944292699,peak_hour,False,lluvia,Dry,supply_band,Medium
peak_weather_supply,False | Dry | Unknown,9,6,6,False,7,91.53095238095239,83.1,136.85,147.18666666666667,147.92666666666665,2627.9076322751316,7,5.0,0.7142857142857143,6.0,0.8571428571428571,0.7142857142857143,9,1.0,0.1111111111111111,4.0,9,0.0,0.0,0.0,9,3272.8418089280003,363.64908988088894,0.0,6789.388888888889,peak_hour,False,lluvia,Dry,supply_band,Unknown
peak_weather_supply,False | Rain | Medium,351,1,1,False,347,22.79226705091259,20.133333333333333,28.09166666666667,38.710000000000015,43.806666666666665,116.19861616868322,347,9.0,0.025936599423631124,150.0,0.4322766570605187,0.18155619596541786,351,69.0,0.19658119658119658,100.0,351,9.0,0.02564102564102564,9.0,351,93547.32806785656,266.51660418192756,180.62983392757144,8781.370584045584,peak_hour,False,lluvia,Rain,supply_band,Medium
peak_weather_supply,False | Unknown | High,2433,4,4,False,2423,22.37802311184482,20.683333333333334,27.541666666666668,35.11333333333334,40.89166666666667,99.53564822811045,2423,37.0,0.015270326042096575,874.0,0.36070986380520015,0.14444903012794058,2433,685.0,0.2815454171804357,1347.0,2433,101.0,0.041512535963830664,113.0,2433,813703.9379517179,334.4446929517953,3032.7577714358567,7686.192353062063,peak_hour,False,lluvia,Unknown,supply_band,High
peak_weather_supply,False | Unknown | Low,1308,11,2,False,1299,21.127610982807287,18.883333333333333,25.691666666666666,34.576666666666675,40.074999999999996,103.57471598825114,1299,26.0,0.020015396458814474,475.0,0.36566589684372597,0.14857582755966128,1308,305.0,0.23318042813455658,498.0,1308,49.0,0.03746177370030581,52.0,1308,339760.0846678389,259.7554164127209,1126.1353642874285,6765.494319571866,peak_hour,False,lluvia,Unknown,supply_band,Low
peak_weather_supply,False | Unknown | Medium,5234,14,2,False,5202,22.708407022939895,20.55,28.266666666666666,37.0,42.72833333333332,114.45406227425862,5202,121.0,0.023260284505959246,1989.0,0.38235294117647056,0.16801230296039985,5234,1382.0,0.26404279709591133,2752.0,5234,206.0,0.03935804356132977,236.0,5234,1443109.5223142495,275.7182885583205,5155.095464285143,7870.140740351547,peak_hour,False,lluvia,Unknown,supply_band,Medium
peak_weather_supply,True | Drizzle | High,11469,11,5,True,11416,30.217380576968,27.175,37.204166666666666,48.95,58.016666666666666,237.11952582016528,11416,1095.0,0.09591800981079188,3679.0,0.3222669936930624,0.15960056061667835,11469,2779.0,0.24230534484261923,5489.0,11469,483.0,0.04211352341093382,550.0,11469,5332799.58417679,464.9751141491665,15625.051432152857,11318.80408666841,peak_hour,True,lluvia,Drizzle,supply_band,High
peak_weather_supply,True | Drizzle | Medium,666,1,1,False,662,29.879934541792547,26.933333333333334,36.21666666666667,47.77666666666666,57.430833333333325,232.59567047814275,662,60.0,0.09063444108761329,245.0,0.37009063444108764,0.1797583081570997,666,203.0,0.3048048048048048,388.0,666,30.0,0.04504504504504504,32.0,666,234261.66958929272,351.74424863257167,722.2555892832858,8472.719549549549,peak_hour,True,lluvia,Drizzle,supply_band,Medium
peak_weather_supply,True | Dry | High,153350,140,31,True,152558,26.860601213964525,24.266666666666666,33.1,43.36666666666667,51.13583333333324,180.45353966561854,152558,8737.0,0.057270021893312706,51221.0,0.3357477156229106,0.14854022732337865,153349,38146.0,0.24875284481802945,78367.0,153349,6777.0,0.044193310683473645,7753.0,153350,56502586.248200156,368.455078240627,194347.2607749667,10181.129504271275,peak_hour,True,lluvia,Dry,supply_band,High
peak_weather_supply,True | Dry | Low,3,1,1,False,3,125.9888888888889,137.38333333333333,143.48333333333335,147.14333333333335,148.36333333333334,955.3767592592594,3,3.0,1.0,3.0,1.0,1.0,3,3.0,1.0,19.0,3,2.0,0.6666666666666666,2.0,3,7274.005858928855,2424.6686196429514,74.59938035642857,11979.333333333334,peak_hour,True,lluvia,Dry,supply_band,Low
peak_weather_supply,True | Dry | Medium,13451,18,15,True,13402,27.0327712281749,24.525,33.4,43.33166666666666,51.214166666666614,173.9183947457426,13402,783.0,0.0584241158036114,4696.0,0.35039546336367705,0.15512610058200269,13450,3193.0,0.2373977695167286,5799.0,13450,474.0,0.035241635687732344,532.0,13451,4320664.840049988,321.2151393985568,11933.91558571943,9668.863764032414,peak_hour,True,lluvia,Dry,supply_band,Medium
peak_weather_supply,True | Rain | High,930,1,1,False,926,26.250377969762418,24.358333333333334,32.44583333333333,42.05,46.65833333333333,135.1943665236511,926,35.0,0.03779697624190065,302.0,0.326133909287257,0.1447084233261339,930,271.0,0.2913978494623656,556.0,930,47.0,0.05053763440860215,55.0,930,301865.9269357059,324.58701821043644,1037.1308053594285,10210.105715053764,peak_hour,True,lluvia,Rain,supply_band,High
peak_weather_supply,True | Rain | Medium,729,1,1,False,725,24.29202298850575,22.416666666666668,30.066666666666666,39.34,43.66999999999999,117.13025127325838,725,16.0,0.022068965517241378,238.0,0.32827586206896553,0.11172413793103449,729,172.0,0.23593964334705075,315.0,729,16.0,0.02194787379972565,16.0,729,214720.56834284985,294.5412460121397,236.959125,9196.877133058984,peak_hour,True,lluvia,Rain,supply_band,Medium
peak_weather_supply,True | Unknown | High,11364,11,4,False,11313,26.531843896402368,24.116666666666667,32.96666666666667,42.930000000000014,50.60666666666666,166.53216192859983,11313,631.0,0.05577654026341377,3935.0,0.3478299301688323,0.15150711570759304,11363,2720.0,0.239373404910675,5482.0,11363,468.0,0.04118630643316026,529.0,11364,3789379.8019018155,333.4547520152953,11959.754360715713,9957.864106828581,peak_hour,True,lluvia,Unknown,supply_band,High
peak_weather_supply,True | Unknown | Medium,827,1,1,False,823,25.85243013365735,23.483333333333334,31.358333333333334,41.97666666666668,46.965,129.5569743522025,823,31.0,0.03766707168894289,271.0,0.3292831105710814,0.1385176184690158,827,209.0,0.25272067714631197,416.0,827,27.0,0.032648125755743655,28.0,827,239257.543435705,289.30779133700725,480.28727499871434,8035.400163240628,peak_hour,True,lluvia,Unknown,supply_band,Medium
weekday_supply,Friday | High,36302,34,4,False,36103,27.04519892160393,24.533333333333335,33.5,43.583333333333336,51.26500000000002,177.9003836054565,36103,2106.0,0.058333102512256596,12091.0,0.3349029166551256,0.14876880037669998,36302,8921.0,0.24574403614125945,18277.0,36302,1635.0,0.04503884083521569,1866.0,36302,13918186.816308884,383.4000004492558,48286.11743929486,10127.049028841388,dia_semana,Friday,supply_band,High,,
weekday_supply,Friday | Low,2261,23,4,False,2246,23.117631344612644,20.433333333333334,27.829166666666666,37.81666666666667,44.87083333333333,153.95313839093197,2246,74.0,0.03294746215494212,810.0,0.3606411398040962,0.15672306322350846,2261,549.0,0.24281291463954002,995.0,2261,62.0,0.027421494913754976,64.0,2261,650129.8756106938,287.5408560861096,1328.5212017844287,6703.007072091994,dia_semana,Friday,supply_band,Low,,
weekday_supply,Friday | Medium,11201,28,4,False,11144,23.617015135199807,21.283333333333335,29.083333333333332,38.38333333333333,44.945000000000014,126.43792715228318,11144,350.0,0.031407035175879394,4228.0,0.3793969849246231,0.16223977027997127,11201,3048.0,0.2721185608427819,6134.0,11201,490.0,0.04374609409874118,560.0,11201,3068702.1882838793,273.96680548914196,11707.685973213287,8094.170567360057,dia_semana,Friday,supply_band,Medium,,
weekday_supply,Friday | Unknown,1,1,1,False,0,,,,,,,0,,,,,,1,0.0,0.0,0.0,1,0.0,0.0,0.0,1,236.73183750028568,236.73183750028568,0.0,5359.5,dia_semana,Friday,supply_band,Unknown,,
weekday_supply,Monday | High,27552,32,5,True,27424,25.690964119019835,23.183333333333334,31.666666666666668,41.483333333333334,49.064166666666644,159.6987591445066,27424,1299.0,0.04736726954492415,9371.0,0.34170799299883314,0.1500875145857643,27552,6947.0,0.25214140534262486,13588.0,27552,1143.0,0.04148519163763066,1275.0,27552,9044230.21622486,328.2603882195434,28451.780224988142,9402.650791412601,dia_semana,Monday,supply_band,High,,
weekday_supply,Monday | Low,3392,28,5,True,3364,24.519262782401903,22.0,30.316666666666666,39.19500000000001,45.516666666666666,163.88040806638594,3364,115.0,0.03418549346016647,1287.0,0.38258026159334124,0.17806183115338883,3392,824.0,0.2429245283018868,1388.0,3392,108.0,0.031839622641509434,121.0,3392,980746.8970178366,289.1352880359188,2492.167996432,6672.2264755306605,dia_semana,Monday,supply_band,Low,,
weekday_supply,Monday | Medium,17278,41,5,True,17202,25.680448009921324,23.083333333333332,31.683333333333334,41.46666666666667,48.483333333333334,155.60671515303395,17202,786.0,0.04569236135333101,6603.0,0.38385071503313567,0.1765492384606441,17278,4787.0,0.2770575298066906,9281.0,17278,684.0,0.03958791526797083,775.0,17278,5078970.558448131,293.9559299946829,16131.741701789,8203.948452945942,dia_semana,Monday,supply_band,Medium,,
weekday_supply,Monday | Unknown,1,1,1,False,1,77.3,77.3,77.3,77.3,77.3,,1,1.0,1.0,1.0,1.0,1.0,1,0.0,0.0,0.0,1,0.0,0.0,0.0,1,341.63839285685714,341.63839285685714,0.0,2399.5,dia_semana,Monday,supply_band,Unknown,,
weekday_supply,Saturday | High,29160,30,4,False,28997,27.791758917589174,24.966666666666665,34.333333333333336,45.18333333333333,53.81666666666667,210.38102022081227,28997,2043.0,0.0704555643687278,9644.0,0.33258612959961376,0.15022243680380729,29160,7335.0,0.2515432098765432,14456.0,29160,1257.0,0.04310699588477366,1430.0,29160,13212835.054508813,453.11505673898534,42267.997141076,10727.160987139918,dia_semana,Saturday,supply_band,High,,
weekday_supply,Saturday | Low,2683,27,4,False,2660,22.767393483709274,19.758333333333333,27.525,37.46666666666667,44.567499999999995,149.82305220648465,2660,88.0,0.03308270676691729,981.0,0.368796992481203,0.17105263157894737,2683,635.0,0.23667536339918002,1093.0,2683,73.0,0.02720834886321282,81.0,2683,786822.9611196194,293.26237835244854,1631.9764035671428,7350.25582743198,dia_semana,Saturday,supply_band,Low,,
weekday_supply,Saturday | Medium,13062,32,4,False,12999,25.71234966792317,21.933333333333334,31.1,42.503333333333345,51.68333333333333,243.71301347386597,12999,755.0,0.058081390876221245,4667.0,0.35902761750903917,0.161704746518963,13062,3341.0,0.25578012555504515,6095.0,13062,472.0,0.03613535446332874,536.0,13062,4905075.508864201,375.5225469961875,13566.794762509571,9027.04095659164,dia_semana,Saturday,supply_band,Medium,,
weekday_supply,Saturday | Unknown,5,2,2,False,5,108.43999999999998,127.5,146.2,147.67999999999998,148.17333333333332,2297.8118888888885,5,4.0,0.8,5.0,1.0,0.8,5,1.0,0.2,4.0,5,0.0,0.0,0.0,5,2084.510624999572,416.9021249999144,0.0,9516.8,dia_semana,Saturday,supply_band,Unknown,,
weekday_supply,Sunday | High,24844,32,4,False,24701,29.12440252081562,25.866666666666667,35.96666666666667,48.53333333333333,58.0,258.0893643444212,24701,2284.0,0.092465892069147,7827.0,0.3168697623577993,0.1585765758471317,24844,6871.0,0.2765657704073418,13495.0,24844,1334.0,0.053695057156657545,1517.0,24844,11960777.440735657,481.4352536119649,46205.02883570857,10702.251574424408,dia_semana,Sunday,supply_band,High,,
weekday_supply,Sunday | Low,2360,28,5,True,2332,24.909033733562037,21.608333333333334,29.854166666666668,41.44666666666667,49.364999999999995,217.72585214758172,2332,116.0,0.04974271012006861,817.0,0.3503430531732418,0.16895368782161235,2360,697.0,0.29533898305084744,1165.0,2360,94.0,0.03983050847457627,107.0,2360,856783.5946749687,363.04389604871557,2753.632596426429,7906.669932203389,dia_semana,Sunday,supply_band,Low,,
weekday_supply,Sunday | Medium,12255,31,4,False,12191,25.367038525688354,22.566666666666666,31.3,41.5,48.96666666666667,166.65710536713289,12191,579.0,0.04749405298991059,4116.0,0.3376261176277582,0.15519645640226395,12255,3444.0,0.2810281517747858,6295.0,12255,511.0,0.04169726642186863,582.0,12255,4367295.88521064,356.3684932852419,14683.933794644858,9117.891471644229,dia_semana,Sunday,supply_band,Medium,,
weekday_supply,Thursday | High,34180,32,4,False,34001,25.13766163740282,22.9,31.2,40.65,47.25,143.28477167372958,34001,1320.0,0.038822387576835975,11815.0,0.3474897797123614,0.14581924061057028,34179,8296.0,0.24272213932531672,16880.0,34179,1467.0,0.042921091898534186,1688.0,34180,11018588.162753427,322.3694605837749,39934.71091071529,9455.378537156232,dia_semana,Thursday,supply_band,High,,
weekday_supply,Thursday | Low,2459,21,4,False,2452,21.157130233822734,19.175,25.5125,33.21666666666667,40.02083333333332,95.17855979680438,2452,43.0,0.017536704730831975,901.0,0.3674551386623165,0.15171288743882544,2459,566.0,0.23017486783245222,969.0,2459,68.0,0.027653517690117934,76.0,2459,680816.3710981973,276.8671700277338,1835.1675500034285,6651.912171614478,dia_semana,Thursday,supply_band,Low,,
weekday_supply,Thursday | Medium,11483,28,4,False,11420,23.363997373029772,21.016666666666666,28.966666666666665,37.95,44.233333333333334,121.63425256326484,11420,322.0,0.02819614711033275,4701.0,0.41164623467600703,0.1820490367775832,11483,3083.0,0.26848384568492556,5983.0,11483,433.0,0.037707916049812766,481.0,11483,3034331.1706481786,264.2455081989183,9417.789432140857,7907.919338587477,dia_semana,Thursday,supply_band,Medium,,
weekday_supply,Thursday | Unknown,1,1,1,False,0,,,,,,,0,,,,,,1,0.0,0.0,0.0,1,0.0,0.0,0.0,1,359.7802392855715,359.7802392855715,0.0,3140.0,dia_semana,Thursday,supply_band,Unknown,,
weekday_supply,Tuesday | High,33788,37,5,True,33611,24.960345323455613,22.533333333333335,30.983333333333334,40.43333333333333,47.53333333333333,151.6332043780869,33611,1370.0,0.04076046532385231,11925.0,0.3547945613043349,0.15123025200083307,33788,8906.0,0.2635847046288623,19429.0,33788,1500.0,0.044394459571445485,1694.0,33788,10856020.239458766,321.29810108496406,37187.47774643572,9346.53836850361,dia_semana,Tuesday,supply_band,High,,
weekday_supply,Tuesday | Low,2990,26,5,True,2970,21.570415263748597,19.25,26.345833333333335,34.754999999999995,40.99583333333331,108.43236216423684,2970,49.0,0.016498316498316498,1083.0,0.36464646464646466,0.15016835016835017,2990,685.0,0.22909698996655517,1176.0,2990,89.0,0.02976588628762542,107.0,2990,833927.6864857145,278.905580764453,2312.631758925,6762.4947040133775,dia_semana,Tuesday,supply_band,Low,,
weekday_supply,Tuesday | Medium,15020,36,5,True,14952,25.300082486177992,21.983333333333334,31.016666666666666,42.49833333333333,51.20749999999998,196.06146827105138,14952,849.0,0.056781701444622794,5529.0,0.3697833065810594,0.16860620652755484,15020,3955.0,0.2633155792276964,7735.0,15020,595.0,0.0396138482023968,691.0,15020,4274063.61467674,284.55816342721306,14348.869926795143,8486.53159687084,dia_semana,Tuesday,supply_band,Medium,,
weekday_supply,Tuesday | Unknown,1,1,1,False,1,21.216666666666665,21.216666666666665,21.216666666666665,21.216666666666665,21.216666666666665,,1,0.0,0.0,0.0,0.0,0.0,1,0.0,0.0,0.0,1,0.0,0.0,0.0,1,250.1807142857143,250.1807142857143,0.0,2621.5,dia_semana,Tuesday,supply_band,Unknown,,
weekday_supply,Wednesday | High,33855,35,5,True,33692,25.45444962206656,23.15,31.483333333333334,41.11666666666667,47.90749999999995,144.17454329658574,33692,1405.0,0.04170129407574499,11516.0,0.34180220823934465,0.14540543749257984,33854,8501.0,0.2511076977609736,17667.0,33854,1329.0,0.039256808648904115,1520.0,33855,10450167.508380271,308.67427288082325,32286.818466082426,9351.581459459458,dia_semana,Wednesday,supply_band,High,,
weekday_supply,Wednesday | Low,3206,27,5,True,3179,21.753664674425917,19.25,26.433333333333334,35.18333333333333,42.7,115.00114094325174,3179,75.0,0.023592324630386914,1151.0,0.3620635419943378,0.15476564957533814,3206,775.0,0.24173424828446663,1388.0,3206,114.0,0.035558328134747345,132.0,3206,970175.9620000061,302.61258951965254,3189.640671426714,6601.270740798502,dia_semana,Wednesday,supply_band,Low,,
weekday_supply,Wednesday | Medium,14804,36,5,True,14731,24.476890005204442,21.783333333333335,30.366666666666667,40.25,47.025,150.108496102338,14731,573.0,0.038897562962460115,5858.0,0.39766478854117165,0.17466567103387415,14800,4085.0,0.2760135135135135,8302.0,14800,630.0,0.04256756756756757,724.0,14804,4195588.543223204,283.40911532175113,14497.329319644143,8034.321926844097,dia_semana,Wednesday,supply_band,Medium,,
vertical_distance,alcoholic_drinks | 0.5-1km,547,256,31,True,545,16.195871559633026,14.033333333333333,18.716666666666665,24.53666666666667,29.01666666666666,79.70312579638124,545,7.0,0.012844036697247707,153.0,0.28073394495412846,0.10275229357798166,547,116.0,0.21206581352833637,182.0,547,15.0,0.027422303473491772,16.0,547,172696.1482517797,315.71507907089523,428.55980535942854,7535.41142595978,vertical,alcoholic_drinks,_distance_band,0.5-1km,,
vertical_distance,alcoholic_drinks | 1-2km,1090,324,31,True,1083,19.16502000615574,17.5,21.958333333333332,27.393333333333334,33.33999999999996,77.61982399579985,1083,16.0,0.014773776546629732,310.0,0.28624192059095105,0.09879963065558633,1090,302.0,0.27706422018348625,518.0,1090,47.0,0.043119266055045874,54.0,1090,405721.32959820685,372.2214033011072,1639.798308928,8225.737059633027,vertical,alcoholic_drinks,_distance_band,1-2km,,
vertical_distance,alcoholic_drinks | 2-3km,638,282,32,True,638,23.14527168234065,20.53333333333333,26.1375,33.555,40.09499999999999,120.01447830562977,638,20.0,0.03134796238244514,194.0,0.30407523510971785,0.13949843260188088,638,212.0,0.3322884012539185,437.0,638,24.0,0.03761755485893417,29.0,638,276387.0547481937,433.2085497620591,1078.9332535705714,8283.999851097178,vertical,alcoholic_drinks,_distance_band,2-3km,,
vertical_distance,alcoholic_drinks | <=0.5km,221,134,31,True,216,14.090663580246915,12.425,16.020833333333332,22.475,26.304166666666667,59.23342276174755,216,2.0,0.009259259259259259,65.0,0.30092592592592593,0.11574074074074074,221,42.0,0.19004524886877827,66.0,221,10.0,0.04524886877828054,12.0,221,66213.4060875033,299.6081723416439,290.4780910732857,7347.541176470589,vertical,alcoholic_drinks,_distance_band,<=0.5km,,
vertical_distance,alcoholic_drinks | >3km,454,240,32,True,452,26.151954277286137,23.616666666666667,29.745833333333334,39.06666666666669,44.129999999999995,169.427530663586,452,17.0,0.03761061946902655,127.0,0.2809734513274336,0.1415929203539823,454,217.0,0.4779735682819383,513.0,454,24.0,0.05286343612334802,26.0,454,262439.0881589239,578.0596655482906,928.988351789,8098.69223568282,vertical,alcoholic_drinks,_distance_band,>3km,,
vertical_distance,bakery | 0.5-1km,1,1,1,False,1,47.38333333333333,47.38333333333333,47.38333333333333,47.38333333333333,47.38333333333333,,1,0.0,0.0,1.0,1.0,1.0,1,1.0,1.0,1.0,1,0.0,0.0,0.0,1,393.585,393.585,0.0,8850.0,vertical,bakery,_distance_band,0.5-1km,,
vertical_distance,bakery | 1-2km,11,11,10,False,11,24.231818181818177,20.0,28.133333333333333,41.083333333333336,42.650000000000006,102.38663636363638,11,0.0,0.0,5.0,0.45454545454545453,0.18181818181818182,11,4.0,0.36363636363636365,4.0,11,0.0,0.0,0.0,11,2598.020514285143,236.18368311683116,0.0,7873.090909090909,vertical,bakery,_distance_band,1-2km,,
vertical_distance,bakery | 2-3km,5,5,4,False,5,23.106666666666666,21.833333333333332,25.266666666666666,25.886666666666667,26.093333333333334,6.21077777777778,5,0.0,0.0,0.0,0.0,0.0,5,2.0,0.4,2.0,5,0.0,0.0,0.0,5,1348.4495821428573,269.68991642857145,0.0,5482.5,vertical,bakery,_distance_band,2-3km,,
vertical_distance,bakery | <=0.5km,4,4,4,False,4,15.270833333333334,17.058333333333334,18.170833333333334,18.688333333333336,18.860833333333336,25.248958333333334,4,0.0,0.0,2.0,0.5,0.0,4,0.0,0.0,0.0,4,0.0,0.0,0.0,4,516.1114285711428,129.0278571427857,0.0,16047.75,vertical,bakery,_distance_band,<=0.5km,,
vertical_distance,bakery | >3km,6,5,5,False,6,30.208333333333332,31.383333333333333,35.4,42.31666666666666,45.425,151.7686388888889,6,0.0,0.0,3.0,0.5,0.16666666666666666,6,3.0,0.5,3.0,6,0.0,0.0,0.0,6,1922.0684267844288,320.3447377974048,0.0,5493.166666666667,vertical,bakery,_distance_band,>3km,,
vertical_distance,butchery | 0.5-1km,353,194,31,True,353,17.04622285174693,16.066666666666666,20.55,25.146666666666665,28.09666666666666,34.7075945941354,353,0.0,0.0,114.0,0.32294617563739375,0.0906515580736544,353,56.0,0.15864022662889518,76.0,353,13.0,0.036827195467422094,13.0,353,70557.70665535671,199.88018882537312,226.61893750057143,9417.689815864022,vertical,butchery,_distance_band,0.5-1km,,
vertical_distance,butchery | 1-2km,635,284,31,True,633,21.32730384412849,19.8,24.566666666666666,30.33333333333334,35.29333333333333,53.416006572968676,633,2.0,0.00315955766192733,211.0,0.3333333333333333,0.10584518167456557,635,144.0,0.22677165354330708,229.0,635,17.0,0.026771653543307086,19.0,635,149972.01001428772,236.17639372328776,408.01044285771434,10684.979787401573,vertical,butchery,_distance_band,1-2km,,
vertical_distance,butchery | 2-3km,312,196,31,True,311,27.165273311897106,24.983333333333334,30.291666666666664,38.516666666666666,47.0,133.3037597010453,311,12.0,0.03858520900321544,105.0,0.33762057877813506,0.14469453376205788,312,113.0,0.36217948717948717,248.0,312,9.0,0.028846153846153848,10.0,312,102318.07247143172,327.94253997253753,193.21929464214287,11034.915785256411,vertical,butchery,_distance_band,2-3km,,
vertical_distance,butchery | <=0.5km,135,106,31,True,133,15.141228070175439,14.116666666666667,17.9,21.866666666666667,23.803333333333327,52.9315933457381,133,1.0,0.007518796992481203,47.0,0.3533834586466165,0.15037593984962405,135,20.0,0.14814814814814814,26.0,135,3.0,0.022222222222222223,3.0,135,23993.796087492716,177.73182287031642,60.16554285800001,9303.339259259259,vertical,butchery,_distance_band,<=0.5km,,
vertical_distance,butchery | >3km,184,144,31,True,184,29.85697463768116,27.975,34.10416666666667,42.27,48.56916666666665,80.93617604306907,184,9.0,0.04891304347826087,57.0,0.30978260869565216,0.14673913043478262,184,76.0,0.41304347826086957,190.0,184,8.0,0.043478260869565216,8.0,184,74421.28997142501,404.4635324533968,253.35546249900003,11051.301032608697,vertical,butchery,_distance_band,>3km,,
vertical_distance,convenience | 0.5-1km,68,61,29,False,68,14.83014705882353,12.733333333333334,17.641666666666666,22.618333333333332,28.22666666666666,58.63442999463467,68,1.0,0.014705882352941176,24.0,0.35294117647058826,0.14705882352941177,68,18.0,0.2647058823529412,28.0,68,1.0,0.014705882352941176,1.0,68,15241.888291074998,224.14541604522057,20.37154821414285,7759.017647058823,vertical,convenience,_distance_band,0.5-1km,,
vertical_distance,convenience | 1-2km,139,119,31,True,139,18.08273381294964,17.05,20.508333333333333,26.37,30.941666666666656,54.061712600933745,139,1.0,0.007194244604316547,47.0,0.3381294964028777,0.12949640287769784,139,42.0,0.302158273381295,92.0,139,9.0,0.06474820143884892,9.0,139,37719.32698750144,271.3620646582837,211.078750001,7567.317985611512,vertical,convenience,_distance_band,1-2km,,
vertical_distance,convenience | 2-3km,119,104,28,True,117,22.791310541310544,21.283333333333335,26.066666666666666,31.52,35.45666666666666,56.2726417542653,117,3.0,0.02564102564102564,40.0,0.3418803418803419,0.1282051282051282,119,43.0,0.36134453781512604,89.0,119,3.0,0.025210084033613446,3.0,119,41516.14157321586,348.8751392707215,104.16740357128572,8352.368907563025,vertical,convenience,_distance_band,2-3km,,
vertical_distance,convenience | <=0.5km,37,37,22,False,37,11.45990990990991,10.566666666666666,13.866666666666667,17.303333333333335,19.263333333333332,25.167815732399063,37,0.0,0.0,10.0,0.2702702702702703,0.08108108108108109,37,8.0,0.21621621621621623,10.0,37,0.0,0.0,0.0,37,6900.565283926285,186.50176443044012,0.0,7363.2810810810815,vertical,convenience,_distance_band,<=0.5km,,
vertical_distance,convenience | >3km,93,84,28,False,93,28.554659498207887,26.95,32.28333333333333,37.75333333333333,43.12333333333333,78.57551549270167,93,3.0,0.03225806451612903,45.0,0.4838709677419355,0.23655913978494625,93,42.0,0.45161290322580644,88.0,93,3.0,0.03225806451612903,3.0,93,40976.12571785457,440.6035023425223,108.64285714185715,8339.804838709677,vertical,convenience,_distance_band,>3km,,
vertical_distance,courier | 0.5-1km,387,234,31,True,382,19.471989528795813,17.15,22.3125,30.760000000000016,38.449999999999996,73.54016115241267,382,4.0,0.010471204188481676,40.0,0.10471204188481675,0.07329842931937172,387,73.0,0.18863049095607234,93.0,387,16.0,0.041343669250646,16.0,387,82571.84636250499,213.36394408916019,230.9542732145714,751.6072351421188,vertical,courier,_distance_band,0.5-1km,,
vertical_distance,courier | 1-2km,1096,351,31,True,1091,23.544378246257256,21.8,27.45,34.46666666666667,40.18333333333334,78.60495460542238,1091,19.0,0.017415215398716773,195.0,0.17873510540788268,0.09624197983501374,1096,354.0,0.32299270072992703,650.0,1096,19.0,0.017335766423357664,20.0,1096,289170.481155351,263.84167988626916,223.26093928557145,841.1569343065694,vertical,courier,_distance_band,1-2km,,
vertical_distance,courier | 2-3km,956,325,31,True,953,28.79286463798531,26.883333333333333,33.1,41.83000000000001,49.079999999999984,111.3286313393843,953,47.0,0.04931794333683106,343.0,0.35991605456453307,0.2130115424973767,956,426.0,0.4456066945606695,971.0,956,20.0,0.02092050209205021,20.0,956,332097.9102499967,347.38275130752794,242.44413750085715,1059.6966527196653,vertical,courier,_distance_band,2-3km,,
vertical_distance,courier | <=0.5km,75,71,27,False,65,17.9825641025641,15.15,20.316666666666666,29.076666666666664,34.64,101.87925721153847,65,2.0,0.03076923076923077,6.0,0.09230769230769231,0.046153846153846156,75,17.0,0.22666666666666666,32.0,75,1.0,0.013333333333333334,1.0,75,15668.263071427,208.91017428569333,14.40375,751.1733333333333,vertical,courier,_distance_band,<=0.5km,,
vertical_distance,courier | >3km,2347,375,31,True,2337,39.14714020824419,35.96666666666667,45.6,58.14000000000001,69.05666666666664,220.5316712083108,2337,441.0,0.18870346598202825,1660.0,0.7103123662815576,0.5365853658536586,2347,1461.0,0.6224968044311887,5365.0,2347,98.0,0.041755432466979124,106.0,2347,1682136.8153392973,716.7178591134629,3466.211948211857,1586.598561994035,vertical,courier,_distance_band,>3km,,
vertical_distance,courier_business | 0.5-1km,399,233,30,True,393,18.916454622561492,16.35,22.816666666666666,29.90333333333334,36.44333333333332,105.19718603768905,393,8.0,0.020356234096692113,238.0,0.6055979643765903,0.37404580152671757,399,103.0,0.2581453634085213,165.0,399,26.0,0.06516290726817042,29.0,399,93028.64751606401,233.15450505279202,479.6523857132857,969.4411027568922,vertical,courier_business,_distance_band,0.5-1km,,
vertical_distance,courier_business | 1-2km,629,288,31,True,617,22.176661264181522,19.75,25.183333333333334,33.36333333333333,40.24666666666662,107.06138262984092,617,14.0,0.022690437601296597,425.0,0.6888168557536467,0.4554294975688817,629,198.0,0.314785373608903,349.0,629,28.0,0.04451510333863275,32.0,629,165011.6010714316,262.33958834885783,650.3078982165714,1127.169077901431,vertical,courier_business,_distance_band,1-2km,,
vertical_distance,courier_business | 2-3km,175,139,30,True,171,25.664132553606237,23.1,29.6,38.35,43.96666666666667,129.11261118755496,171,4.0,0.023391812865497075,134.0,0.783625730994152,0.5380116959064327,175,89.0,0.5085714285714286,194.0,175,7.0,0.04,8.0,175,63612.21234642486,363.4983562652849,129.02257857014285,1220.3877142857143,vertical,courier_business,_distance_band,2-3km,,
vertical_distance,courier_business | <=0.5km,222,164,31,True,203,16.04688013136289,13.6,19.016666666666666,26.440000000000005,32.99166666666666,101.9411343326451,203,2.0,0.009852216748768473,116.0,0.5714285714285714,0.31527093596059114,222,39.0,0.17567567567567569,57.0,222,10.0,0.04504504504504504,13.0,222,46508.440705356436,209.49748065475873,235.80628928728572,939.2313063063064,vertical,courier_business,_distance_band,<=0.5km,,
vertical_distance,courier_business | >3km,210,142,31,True,205,37.73707317073171,32.233333333333334,42.95,57.06666666666667,72.47666666666663,393.34273376640624,205,31.0,0.15121951219512195,166.0,0.8097560975609757,0.6341463414634146,210,122.0,0.580952380952381,463.0,210,12.0,0.05714285714285714,14.0,210,147492.45846071755,702.3450402891311,432.7659267858572,1748.4016666666666,vertical,courier_business,_distance_band,>3km,,
vertical_distance,darkstores | 0.5-1km,4128,486,31,True,4112,16.66435230220493,15.033333333333333,19.154166666666665,24.566666666666666,29.657499999999995,67.90226125772816,4112,34.0,0.008268482490272374,1249.0,0.3037451361867704,0.10603112840466926,4128,552.0,0.13372093023255813,693.0,4128,283.0,0.0685562015503876,382.0,4128,889975.7243410695,215.59489446246837,8965.433285709572,14231.146160368218,vertical,darkstores,_distance_band,0.5-1km,,
vertical_distance,darkstores | 1-2km,8398,492,31,True,8363,20.899049384192274,18.5,23.35,30.55,38.065,120.44915191054028,8363,176.0,0.021045079516919765,2507.0,0.29977280880066964,0.12471601100083703,8398,1904.0,0.22672064777327935,2722.0,8398,839.0,0.09990473922362467,1155.0,8398,2223312.0917356377,264.74304497923765,27962.82718214114,14714.482305310787,vertical,darkstores,_distance_band,1-2km,,
vertical_distance,darkstores | 2-3km,2767,475,31,True,2750,25.580539393939397,22.783333333333335,28.270833333333336,36.45333333333333,45.35499999999997,158.95221936458069,2750,107.0,0.03890909090909091,842.0,0.30618181818181817,0.14763636363636365,2767,1013.0,0.3661004698229129,1808.0,2767,303.0,0.10950487893024936,414.0,2767,938339.3534499883,339.11794486808395,10837.353869652285,16286.233104445248,vertical,darkstores,_distance_band,2-3km,,
vertical_distance,darkstores | <=0.5km,1622,449,31,True,1580,13.349694092827004,12.183333333333334,15.666666666666666,20.483333333333334,25.084166666666665,36.324116259890495,1580,2.0,0.0012658227848101266,397.0,0.25126582278481013,0.08227848101265822,1622,185.0,0.11405672009864365,223.0,1622,90.0,0.055487053020961775,104.0,1622,307525.5310500029,189.59650496301043,1847.820435707,13356.758674475956,vertical,darkstores,_distance_band,<=0.5km,,
vertical_distance,darkstores | >3km,643,316,31,True,638,32.07139498432602,27.308333333333334,34.583333333333336,48.55666666666667,59.523333333333326,474.46239562640426,638,57.0,0.08934169278996865,224.0,0.3510971786833856,0.20219435736677116,643,305.0,0.47433903576982894,706.0,643,94.0,0.14618973561430793,130.0,643,290265.992360699,451.42456043654585,3843.3687446424287,18130.38577760498,vertical,darkstores,_distance_band,>3km,,
vertical_distance,flowers_and_plants | 0.5-1km,4,4,4,False,4,35.06666666666666,28.599999999999998,44.19583333333333,60.41833333333334,65.82583333333332,672.7105555555555,4,1.0,0.25,2.0,0.5,0.5,4,1.0,0.25,1.0,4,0.0,0.0,0.0,4,1224.7851785711428,306.1962946427857,0.0,10315.75,vertical,flowers_and_plants,_distance_band,0.5-1km,,
vertical_distance,flowers_and_plants | 1-2km,8,8,8,False,8,33.04375,28.299999999999997,32.7375,43.754999999999995,55.25249999999998,198.89570932539684,8,1.0,0.125,7.0,0.875,0.5,8,3.0,0.375,3.0,8,0.0,0.0,0.0,8,2485.559428570857,310.69492857135714,0.0,10305.125,vertical,flowers_and_plants,_distance_band,1-2km,,
vertical_distance,flowers_and_plants | 2-3km,15,15,11,False,15,38.38444444444444,30.716666666666665,39.233333333333334,66.97666666666666,76.53833333333331,391.67243915343926,15,3.0,0.2,6.0,0.4,0.3333333333333333,15,4.0,0.26666666666666666,12.0,15,1.0,0.06666666666666667,1.0,15,5983.283719643427,398.88558130956176,25.006071428571428,14710.233333333334,vertical,flowers_and_plants,_distance_band,2-3km,,
vertical_distance,flowers_and_plants | >3km,30,29,20,False,30,35.797222222222224,32.858333333333334,39.625,46.540000000000006,50.8875,67.8334498722861,30,3.0,0.1,13.0,0.43333333333333335,0.26666666666666666,30,14.0,0.4666666666666667,29.0,30,3.0,0.1,3.0,30,13330.14026428543,444.33800880951435,88.17982142842858,16018.016666666666,vertical,flowers_and_plants,_distance_band,>3km,,
vertical_distance,frozen_food | 1-2km,4,4,4,False,4,27.183333333333334,27.475,29.35,29.41,29.43,6.737962962962965,4,0.0,0.0,2.0,0.5,0.0,4,0.0,0.0,0.0,4,0.0,0.0,0.0,4,917.3394464291428,229.3348616072857,0.0,9257.75,vertical,frozen_food,_distance_band,1-2km,,
vertical_distance,fruits_and_vegetables | 0.5-1km,95,86,29,False,94,17.16329787234042,14.608333333333334,19.887500000000003,25.471666666666668,33.085833333333326,73.70368924604082,94,2.0,0.02127659574468085,28.0,0.2978723404255319,0.13829787234042554,95,26.0,0.2736842105263158,35.0,95,6.0,0.06315789473684211,7.0,95,20686.335860710853,217.75090379695635,188.02742500085714,10350.353947368421,vertical,fruits_and_vegetables,_distance_band,0.5-1km,,
vertical_distance,fruits_and_vegetables | 1-2km,170,127,31,True,170,19.69862745098039,18.041666666666664,22.558333333333334,28.75833333333333,36.285,65.5255010635418,170,2.0,0.011764705882352941,46.0,0.27058823529411763,0.1,170,49.0,0.28823529411764703,92.0,170,5.0,0.029411764705882353,5.0,170,44697.681041071715,262.92753553571595,81.30642857114285,8942.17705882353,vertical,fruits_and_vegetables,_distance_band,1-2km,,
vertical_distance,fruits_and_vegetables | 2-3km,130,107,31,True,129,24.096640826873386,22.1,27.316666666666666,35.263333333333335,40.269999999999996,68.97672473891042,129,2.0,0.015503875968992248,38.0,0.29457364341085274,0.11627906976744186,130,39.0,0.3,72.0,130,5.0,0.038461538461538464,5.0,130,38953.991194639995,299.64608611261536,119.24374999957142,9552.916115384614,vertical,fruits_and_vegetables,_distance_band,2-3km,,
vertical_distance,fruits_and_vegetables | <=0.5km,31,31,19,False,28,12.100595238095238,10.991666666666667,13.366666666666667,17.376666666666665,17.96083333333333,57.338878233392116,28,0.0,0.0,6.0,0.21428571428571427,0.03571428571428571,31,4.0,0.12903225806451613,5.0,31,1.0,0.03225806451612903,1.0,31,5931.10701071543,191.32603260372355,20.040714285857145,11039.59677419355,vertical,fruits_and_vegetables,_distance_band,<=0.5km,,
vertical_distance,fruits_and_vegetables | >3km,101,86,29,True,101,27.917821782178212,26.833333333333332,31.75,38.35,48.666666666666664,79.24126254125412,101,5.0,0.04950495049504951,35.0,0.3465346534653465,0.1485148514851485,101,41.0,0.40594059405940597,90.0,101,5.0,0.04950495049504951,5.0,101,39852.65657857043,394.58075820366764,106.03392857214286,9667.44495049505,vertical,fruits_and_vegetables,_distance_band,>3km,,
vertical_distance,gourmet | 0.5-1km,82,73,28,False,82,21.453861788617886,20.191666666666666,25.054166666666667,32.47166666666667,37.11083333333333,56.78323936063434,82,0.0,0.0,19.0,0.23170731707317074,0.06097560975609756,82,13.0,0.15853658536585366,13.0,82,0.0,0.0,0.0,82,17573.768141071854,214.31424562282749,0.0,8504.961158536586,vertical,gourmet,_distance_band,0.5-1km,,
vertical_distance,gourmet | 1-2km,163,119,31,True,163,25.6019427402863,24.616666666666667,29.541666666666664,36.606666666666676,40.44833333333334,72.84378392537049,163,1.0,0.006134969325153374,62.0,0.3803680981595092,0.1656441717791411,163,28.0,0.17177914110429449,44.0,163,2.0,0.012269938650306749,2.0,163,41732.945773217,256.03034216697546,45.37738035699999,9668.32236196319,vertical,gourmet,_distance_band,1-2km,,
vertical_distance,gourmet | 2-3km,99,84,30,False,98,30.933163265306124,29.09166666666667,36.78333333333333,43.92833333333333,48.68166666666665,101.03429263973631,98,5.0,0.05102040816326531,37.0,0.37755102040816324,0.16326530612244897,99,36.0,0.36363636363636365,69.0,99,2.0,0.020202020202020204,2.0,99,35025.25632321157,353.790467911228,44.306675,8924.432626262625,vertical,gourmet,_distance_band,2-3km,,
vertical_distance,gourmet | <=0.5km,40,39,23,False,40,22.290416666666665,21.016666666666666,25.3375,32.315,34.92249999999998,96.90260523504273,40,1.0,0.025,16.0,0.4,0.175,40,4.0,0.1,5.0,40,0.0,0.0,0.0,40,8610.72848749943,215.26821218748574,0.0,8423.654125,vertical,gourmet,_distance_band,<=0.5km,,
vertical_distance,gourmet | >3km,56,49,26,False,55,33.9030303030303,31.733333333333334,37.625,48.35333333333333,52.714999999999996,97.90901328095772,55,5.0,0.09090909090909091,21.0,0.38181818181818183,0.2,56,29.0,0.5178571428571429,52.0,56,3.0,0.05357142857142857,3.0,56,23995.810212498425,428.49661093747187,82.53924464285714,7666.631517857143,vertical,gourmet,_distance_band,>3km,,
vertical_distance,hardware | 0.5-1km,6,6,4,False,6,18.71388888888889,16.85,23.2,25.741666666666667,26.079166666666666,32.26349074074074,6,0.0,0.0,2.0,0.3333333333333333,0.3333333333333333,6,1.0,0.16666666666666666,1.0,6,0.0,0.0,0.0,6,1174.4775678561427,195.74626130935712,0.0,7001.5,vertical,hardware,_distance_band,0.5-1km,,
vertical_distance,hardware | 1-2km,13,12,9,False,12,26.48888888888889,23.483333333333334,26.708333333333336,40.16833333333334,44.964999999999996,87.50951178451179,12,0.0,0.0,8.0,0.6666666666666666,0.25,13,3.0,0.23076923076923078,4.0,13,0.0,0.0,0.0,13,3889.6003964280003,299.20003049446154,0.0,5880.153846153846,vertical,hardware,_distance_band,1-2km,,
vertical_distance,hardware | 2-3km,8,8,7,False,8,26.51875,24.008333333333333,33.920833333333334,38.83833333333333,40.06916666666666,96.42320932539678,8,0.0,0.0,4.0,0.5,0.375,8,0.0,0.0,0.0,8,0.0,0.0,0.0,8,1974.6639928571426,246.83299910714283,0.0,9949.3125,vertical,hardware,_distance_band,2-3km,,
vertical_distance,hardware | <=0.5km,3,3,2,False,3,16.805555555555557,14.433333333333334,18.84166666666667,21.486666666666668,22.368333333333332,31.870648148148153,3,0.0,0.0,1.0,0.3333333333333333,0.0,3,1.0,0.3333333333333333,2.0,3,0.0,0.0,0.0,3,573.9489285714284,191.31630952380945,0.0,4396.166666666667,vertical,hardware,_distance_band,<=0.5km,,
vertical_distance,hardware | >3km,5,5,5,False,5,36.07000000000001,28.533333333333335,29.433333333333334,53.253333333333345,61.193333333333335,344.3000555555556,5,1.0,0.2,3.0,0.6,0.2,5,2.0,0.4,7.0,5,0.0,0.0,0.0,5,2406.053616072,481.2107232144,0.0,7612.5,vertical,hardware,_distance_band,>3km,,
vertical_distance,hypermarket | 0.5-1km,943,311,31,True,941,38.05281615302869,36.2,41.7,48.35,55.233333333333334,77.89391079606976,941,82.0,0.0871413390010627,268.0,0.28480340063761955,0.12433581296493093,943,207.0,0.21951219512195122,310.0,943,44.0,0.04665959703075292,48.0,943,289618.1912500021,307.12427492046885,790.139114286,11379.683759278898,vertical,hypermarket,_distance_band,0.5-1km,,
vertical_distance,hypermarket | 1-2km,1585,367,31,True,1583,42.141692987997466,39.88333333333333,46.09166666666667,54.83,61.56666666666667,116.88475975313453,1583,272.0,0.17182564750473783,525.0,0.33164876816171823,0.1572962728995578,1585,456.0,0.28769716088328073,814.0,1585,128.0,0.08075709779179811,147.0,1585,591855.1398839183,373.41018289206204,3098.287289287143,11389.760826498425,vertical,hypermarket,_distance_band,1-2km,,
vertical_distance,hypermarket | 2-3km,805,320,31,True,804,46.111069651741296,43.483333333333334,49.86666666666667,60.43666666666668,68.45749999999997,128.56560236901834,804,216.0,0.26865671641791045,242.0,0.3009950248756219,0.15920398009950248,805,266.0,0.33043478260869563,559.0,805,46.0,0.05714285714285714,52.0,805,353848.6728624976,439.563568773289,1210.336787501143,12104.024012422362,vertical,hypermarket,_distance_band,2-3km,,
vertical_distance,hypermarket | <=0.5km,382,222,31,True,375,36.29337777777778,34.03333333333333,40.04166666666667,48.643333333333345,55.02,107.32210917805504,375,34.0,0.09066666666666667,114.0,0.304,0.12533333333333332,382,85.0,0.22251308900523561,130.0,382,31.0,0.08115183246073299,35.0,382,102354.86964999442,267.94468494762936,676.1966857147142,12416.657539267015,vertical,hypermarket,_distance_band,<=0.5km,,
vertical_distance,hypermarket | >3km,520,275,31,True,518,51.5728120978121,48.425,57.18333333333333,67.89999999999999,77.10166666666666,206.51634137833605,518,232.0,0.44787644787644787,175.0,0.33783783783783783,0.20077220077220076,520,224.0,0.4307692307692308,637.0,520,41.0,0.07884615384615384,47.0,520,325783.0018232203,626.5057727369621,1365.028407143,12586.132538461537,vertical,hypermarket,_distance_band,>3km,,
vertical_distance,kiosks | 0.5-1km,2771,566,31,True,2749,15.557354189402206,14.15,18.066666666666666,23.066666666666666,27.96333333333333,50.88262956514792,2749,17.0,0.0061840669334303384,878.0,0.3193888686795198,0.10149145143688613,2771,527.0,0.1901840490797546,759.0,2771,50.0,0.01804402742692169,60.0,2771,766865.2293892257,276.74674463703565,1507.3628339248571,4469.449206062794,vertical,kiosks,_distance_band,0.5-1km,,
vertical_distance,kiosks | 1-2km,3626,575,32,True,3606,19.46451747088186,17.466666666666665,22.05,28.825,35.15833333333333,93.92847596220045,3606,56.0,0.01552967276760954,1284.0,0.3560732113144759,0.12756516916250693,3626,982.0,0.27082184225041367,1757.0,3626,91.0,0.025096525096525095,106.0,3626,1231985.1724267597,339.76425053137336,2711.7581642914283,4665.297366243794,vertical,kiosks,_distance_band,1-2km,,
vertical_distance,kiosks | 2-3km,1815,529,32,True,1806,23.27093946105574,21.125,26.479166666666668,34.40833333333333,41.925,107.58594987715786,1806,45.0,0.024916943521594685,611.0,0.3383167220376523,0.1450719822812846,1815,692.0,0.38126721763085397,1429.0,1815,47.0,0.025895316804407712,52.0,1815,747550.9421571362,411.87379733175544,1490.479823215143,4913.191184573003,vertical,kiosks,_distance_band,2-3km,,
vertical_distance,kiosks | <=0.5km,1596,507,31,True,1577,12.846015641513421,11.583333333333334,15.333333333333334,19.863333333333337,24.42666666666666,39.118525252716275,1577,2.0,0.0012682308180088776,436.0,0.27647431832593533,0.09448319594166138,1596,267.0,0.16729323308270677,365.0,1596,28.0,0.017543859649122806,31.0,1596,401082.24587497645,251.30466533519828,594.4137857138571,4282.4050751879695,vertical,kiosks,_distance_band,<=0.5km,,
vertical_distance,kiosks | >3km,1207,460,31,True,1196,27.580058528428093,25.15833333333333,31.3375,40.666666666666664,47.62916666666667,122.93656829968636,1196,51.0,0.042642140468227424,396.0,0.3311036789297659,0.18227424749163879,1207,580.0,0.48053024026512015,1467.0,1207,46.0,0.03811101905550953,51.0,1207,625485.2576392795,518.2147950615406,1557.5150839291427,5092.08367854184,vertical,kiosks,_distance_band,>3km,,
vertical_distance,nuts_and_dried_fruits | 0.5-1km,63,57,28,False,63,17.856878306878308,16.35,20.008333333333333,23.50333333333334,36.308333333333316,60.36018490072253,63,0.0,0.0,25.0,0.3968253968253968,0.07936507936507936,63,8.0,0.12698412698412698,10.0,63,1.0,0.015873015873015872,1.0,63,13044.066073217571,207.04866782885034,17.24839285742857,7832.986507936508,vertical,nuts_and_dried_fruits,_distance_band,0.5-1km,,
vertical_distance,nuts_and_dried_fruits | 1-2km,151,124,31,True,151,21.121854304635757,19.733333333333334,25.725,29.866666666666667,34.21666666666667,53.90268587196468,151,1.0,0.006622516556291391,48.0,0.31788079470198677,0.1390728476821192,151,47.0,0.31125827814569534,69.0,151,3.0,0.019867549668874173,3.0,151,37789.58004821058,250.26211952457336,63.40573214285715,8424.523178807947,vertical,nuts_and_dried_fruits,_distance_band,1-2km,,
vertical_distance,nuts_and_dried_fruits | 2-3km,114,96,27,True,114,26.412280701754387,25.291666666666664,30.75,37.09666666666667,42.425,76.26737489002743,114,4.0,0.03508771929824561,52.0,0.45614035087719296,0.2807017543859649,114,58.0,0.5087719298245614,148.0,114,11.0,0.09649122807017543,13.0,114,41151.27123749729,360.97606348681836,294.4560357134286,8164.28552631579,vertical,nuts_and_dried_fruits,_distance_band,2-3km,,
vertical_distance,nuts_and_dried_fruits | <=0.5km,23,23,16,False,23,14.84565217391304,13.916666666666666,19.375,21.506666666666668,21.968333333333334,31.744702459376377,23,0.0,0.0,8.0,0.34782608695652173,0.08695652173913043,23,3.0,0.13043478260869565,3.0,23,0.0,0.0,0.0,23,4113.2783,178.83818695652172,0.0,8571.04347826087,vertical,nuts_and_dried_fruits,_distance_band,<=0.5km,,
vertical_distance,nuts_and_dried_fruits | >3km,85,78,27,False,85,32.62274509803922,30.466666666666665,38.61666666666667,43.71333333333334,50.38666666666666,125.89200295673824,85,6.0,0.07058823529411765,44.0,0.5176470588235295,0.32941176470588235,85,49.0,0.5764705882352941,136.0,85,5.0,0.058823529411764705,5.0,85,39032.40337678271,459.2047456092084,137.56624999985715,7743.563529411765,vertical,nuts_and_dried_fruits,_distance_band,>3km,,
vertical_distance,pasta_shop | 0.5-1km,367,200,31,True,367,18.14059945504087,16.383333333333333,20.90833333333333,26.586666666666673,33.05666666666666,57.78396041684244,367,3.0,0.008174386920980926,146.0,0.3978201634877384,0.14713896457765668,367,53.0,0.1444141689373297,88.0,367,14.0,0.03814713896457766,15.0,367,76789.92797322127,209.23686096245578,248.68006964228573,11685.66689373297,vertical,pasta_shop,_distance_band,0.5-1km,,
vertical_distance,pasta_shop | 1-2km,462,226,31,True,459,20.640849673202617,19.066666666666666,23.5,31.153333333333332,36.18333333333333,67.91050196934668,459,5.0,0.010893246187363835,155.0,0.33769063180827885,0.14814814814814814,462,117.0,0.2532467532467532,186.0,462,18.0,0.03896103896103896,21.0,462,114218.44425892527,247.2260698245136,361.4599357151428,12410.70616883117,vertical,pasta_shop,_distance_band,1-2km,,
vertical_distance,pasta_shop | 2-3km,212,146,31,True,211,25.148420221169033,22.7,29.049999999999997,34.483333333333334,40.516666666666666,132.26706627548333,211,6.0,0.02843601895734597,71.0,0.33649289099526064,0.16113744075829384,212,71.0,0.33490566037735847,158.0,212,7.0,0.0330188679245283,7.0,212,69778.57398392743,329.1442169053181,171.9244839282857,10911.234669811322,vertical,pasta_shop,_distance_band,2-3km,,
vertical_distance,pasta_shop | <=0.5km,186,134,31,True,184,16.458695652173912,14.791666666666668,19.72083333333333,25.895,32.32249999999999,59.194310736253,184,0.0,0.0,77.0,0.41847826086956524,0.20108695652173914,186,27.0,0.14516129032258066,52.0,186,6.0,0.03225806451612903,6.0,186,37899.35858928342,203.75999241550227,72.07214285685714,11167.098387096774,vertical,pasta_shop,_distance_band,<=0.5km,,
vertical_distance,pasta_shop | >3km,106,89,30,True,106,29.26367924528302,25.875,32.09166666666667,42.8,51.891666666666666,185.63918411200956,106,6.0,0.05660377358490566,29.0,0.27358490566037735,0.16981132075471697,106,44.0,0.41509433962264153,105.0,106,3.0,0.02830188679245283,4.0,106,44236.84016964528,417.32868084571015,113.082857142,12768.264150943396,vertical,pasta_shop,_distance_band,>3km,,
vertical_distance,pets | 0.5-1km,148,122,31,True,148,17.096283783783782,15.733333333333334,18.71666666666667,23.525000000000002,26.801666666666666,59.98897891513963,148,2.0,0.013513513513513514,34.0,0.22972972972972974,0.08783783783783784,148,22.0,0.14864864864864866,26.0,148,7.0,0.0472972972972973,7.0,148,31530.688208930427,213.04519060088126,124.92038214357142,9490.281182432433,vertical,pets,_distance_band,0.5-1km,,
vertical_distance,pets | 1-2km,348,223,31,True,348,21.641762452107276,19.5,24.266666666666666,30.485,37.80999999999996,77.65931235070906,348,9.0,0.02586206896551724,126.0,0.3620689655172414,0.11206896551724138,348,80.0,0.22988505747126436,125.0,348,16.0,0.04597701149425287,19.0,348,89797.24760892242,258.0380678417311,375.3740178572857,10090.382140804597,vertical,pets,_distance_band,1-2km,,
vertical_distance,pets | 2-3km,281,190,31,True,281,24.172775800711744,22.266666666666666,26.95,33.31666666666667,40.56666666666667,90.89182266423771,281,8.0,0.028469750889679714,78.0,0.2775800711743772,0.12455516014234876,281,81.0,0.28825622775800713,167.0,281,9.0,0.03202846975088968,11.0,281,88167.79137499056,313.7643821174041,270.8014017854286,10172.274679715303,vertical,pets,_distance_band,2-3km,,
vertical_distance,pets | <=0.5km,68,63,25,False,68,15.221813725490195,13.383333333333333,18.004166666666666,22.526666666666674,30.1125,41.21580644571263,68,0.0,0.0,22.0,0.3235294117647059,0.11764705882352941,68,9.0,0.1323529411764706,12.0,68,4.0,0.058823529411764705,4.0,68,12604.233664283429,185.35637741593277,66.66023214271429,12432.557132352942,vertical,pets,_distance_band,<=0.5km,,
vertical_distance,pets | >3km,158,120,30,True,158,30.89430379746835,27.90833333333333,34.84583333333333,46.26333333333334,52.10666666666668,160.23364392127348,158,12.0,0.0759493670886076,62.0,0.3924050632911392,0.20253164556962025,158,80.0,0.5063291139240507,208.0,158,4.0,0.02531645569620253,5.0,158,68813.8490874983,435.53069042720443,318.20256785699996,9736.55405063291,vertical,pets,_distance_band,>3km,,
vertical_distance,pharmacies | 0.5-1km,513,290,31,True,512,15.927180989583334,14.15,19.579166666666666,24.488333333333337,27.1575,47.5398897762676,512,2.0,0.00390625,135.0,0.263671875,0.07421875,513,79.0,0.1539961013645224,113.0,513,8.0,0.015594541910331383,9.0,513,106566.211262494,207.7314059697739,110.79675535628573,6544.039863547759,vertical,pharmacies,_distance_band,0.5-1km,,
vertical_distance,pharmacies | 1-2km,1066,393,31,True,1061,21.240417844800504,19.8,24.533333333333335,31.25,36.78333333333333,80.83812612503137,1061,19.0,0.017907634307257305,340.0,0.32045240339302544,0.10179076343072573,1066,266.0,0.24953095684803,423.0,1066,19.0,0.017823639774859287,22.0,1066,278459.7130892739,261.2192430480993,343.036971427,5945.534418386491,vertical,pharmacies,_distance_band,1-2km,,
vertical_distance,pharmacies | 2-3km,810,355,31,True,809,24.963185002060158,23.416666666666668,29.2,36.15666666666667,41.53666666666666,92.64750677114992,809,17.0,0.021013597033374538,245.0,0.30284301606922126,0.1433868974042027,810,255.0,0.3148148148148148,462.0,810,23.0,0.028395061728395062,26.0,810,256514.26005178955,316.68427166887597,588.6617625015715,7095.576907407407,vertical,pharmacies,_distance_band,2-3km,,
vertical_distance,pharmacies | <=0.5km,207,171,31,True,201,13.36990049751244,12.1,16.566666666666666,21.616666666666667,24.55,37.3881464344942,201,0.0,0.0,53.0,0.263681592039801,0.04975124378109453,207,23.0,0.1111111111111111,29.0,207,2.0,0.00966183574879227,2.0,207,38968.45242679157,188.25339336614286,39.22873571414286,6189.454444444444,vertical,pharmacies,_distance_band,<=0.5km,,
vertical_distance,pharmacies | >3km,546,293,31,True,541,28.820117067159583,26.7,33.86666666666667,41.65,47.96666666666667,137.30028539779255,541,25.0,0.04621072088724584,192.0,0.35489833641404805,0.17190388170055454,546,220.0,0.40293040293040294,541.0,546,16.0,0.029304029304029304,16.0,546,216802.53055177315,397.0742317798043,438.4974446437143,7360.656117216117,vertical,pharmacies,_distance_band,>3km,,
vertical_distance,restaurants | 0.5-1km,79195,605,32,True,78905,22.863473797604712,20.533333333333335,27.7,36.55,43.3,119.6308694256997,78905,2125.0,0.026931119700906152,28178.0,0.35711298396806285,0.14555478106583866,79195,14786.0,0.1867037060420481,24567.0,79195,2859.0,0.03610076393711724,3182.0,79195,22919802.727280032,289.4097193923863,69350.38167676829,9029.253052023487,vertical,restaurants,_distance_band,0.5-1km,,
vertical_distance,restaurants | 1-2km,94675,624,32,True,94349,27.663830035294495,25.216666666666665,33.31666666666667,43.0,50.38333333333333,155.3221818720835,94349,5093.0,0.05398043434482613,32520.0,0.3446777390327401,0.1544796447233145,94673,25729.0,0.2717670296705502,48310.0,94673,3927.0,0.04147961932124259,4329.0,94675,34174808.26415692,360.9697202445939,103199.12950894158,9476.616548719303,vertical,restaurants,_distance_band,1-2km,,
vertical_distance,restaurants | 2-3km,36357,611,32,True,36236,33.14659730654598,30.4,39.35,49.916666666666664,58.93333333333333,202.56679097567138,36236,3726.0,0.10282591897560438,12372.0,0.3414284137322,0.1741086212606248,36357,14060.0,0.3867205765052122,32654.0,36357,1772.0,0.048738894848309816,1952.0,36357,16890783.63569995,464.58133607558244,52260.169525013,9866.556150672497,vertical,restaurants,_distance_band,2-3km,,
vertical_distance,restaurants | <=0.5km,52968,598,32,True,52368,19.655847400448113,17.566666666666666,24.25,32.255000000000045,38.29416666666657,99.10320661518543,52368,763.0,0.014569966391689582,19832.0,0.3787045523984112,0.14449663916895814,52965,8258.0,0.15591428301708676,13208.0,52965,1683.0,0.03177570093457944,1876.0,52968,13485983.216172948,254.60623803377413,37436.16949644743,8492.830045215978,vertical,restaurants,_distance_band,<=0.5km,,
vertical_distance,restaurants | >3km,18653,616,32,True,18574,36.820982735723774,33.666666666666664,42.733333333333334,54.13333333333333,63.916666666666664,233.27139737466084,18574,2644.0,0.14234952083557662,6351.0,0.34192957898137183,0.19904167115322494,18652,8686.0,0.4656873257559511,23460.0,18652,1011.0,0.05420330259489599,1130.0,18653,10642115.510671385,570.5310411553844,35861.642228568715,10232.898513911972,vertical,restaurants,_distance_band,>3km,,
vertical_distance,stationery_and_books | 0.5-1km,9,9,8,False,9,13.92962962962963,12.7,13.616666666666667,20.703333333333337,22.043333333333333,22.734429012345682,9,0.0,0.0,3.0,0.3333333333333333,0.1111111111111111,9,4.0,0.4444444444444444,7.0,9,0.0,0.0,0.0,9,1944.9167517878575,216.10186130976194,0.0,6203.555555555556,vertical,stationery_and_books,_distance_band,0.5-1km,,
vertical_distance,stationery_and_books | 1-2km,19,18,13,False,19,18.87456140350877,16.016666666666666,18.46666666666667,25.403333333333332,30.979999999999905,180.2589311241065,19,1.0,0.05263157894736842,6.0,0.3157894736842105,0.21052631578947367,19,3.0,0.15789473684210525,5.0,19,0.0,0.0,0.0,19,3970.2572714272856,208.96090902248872,0.0,6514.894736842105,vertical,stationery_and_books,_distance_band,1-2km,,
vertical_distance,stationery_and_books | 2-3km,10,10,9,False,10,25.39666666666667,22.34166666666667,27.866666666666667,35.136666666666656,45.126666666666644,146.68233333333333,10,1.0,0.1,4.0,0.4,0.3,10,7.0,0.7,19.0,10,1.0,0.1,1.0,10,3533.9084821432857,353.39084821432857,0.0,8712.8,vertical,stationery_and_books,_distance_band,2-3km,,
vertical_distance,stationery_and_books | <=0.5km,1,1,1,False,1,9.1,9.1,9.1,9.1,9.1,,1,0.0,0.0,0.0,0.0,0.0,1,0.0,0.0,0.0,1,0.0,0.0,0.0,1,156.88124999971433,156.88124999971433,0.0,4819.5,vertical,stationery_and_books,_distance_band,<=0.5km,,
vertical_distance,stationery_and_books | >3km,13,13,10,False,13,23.985897435897435,22.333333333333332,26.183333333333334,33.553333333333335,37.69999999999999,61.33068732193732,13,0.0,0.0,4.0,0.3076923076923077,0.07692307692307693,13,4.0,0.3076923076923077,13.0,13,0.0,0.0,0.0,13,4436.2935660712865,341.2533512362528,0.0,7552.5,vertical,stationery_and_books,_distance_band,>3km,,
vertical_distance,supermarket | 0.5-1km,196,146,31,True,195,25.9131623931624,24.366666666666667,28.983333333333334,36.24666666666667,39.17166666666666,65.97774395688313,195,3.0,0.015384615384615385,64.0,0.3282051282051282,0.15384615384615385,196,36.0,0.1836734693877551,46.0,196,10.0,0.05102040816326531,14.0,196,47996.77057143372,244.8814825073149,236.1017803562857,8098.472474489796,vertical,supermarket,_distance_band,0.5-1km,,
vertical_distance,supermarket | 1-2km,290,199,31,True,289,29.892906574394463,27.916666666666668,34.11666666666667,40.07666666666667,47.913333333333284,123.129852093479,289,10.0,0.03460207612456748,108.0,0.3737024221453287,0.18685121107266436,290,69.0,0.23793103448275862,114.0,290,14.0,0.04827586206896552,15.0,290,91018.31518034972,313.8562592425852,272.7230249985714,8446.292620689655,vertical,supermarket,_distance_band,1-2km,,
vertical_distance,supermarket | 2-3km,171,126,30,True,169,34.88224852071006,34.11666666666667,39.9,48.36333333333335,53.60333333333333,103.82802957014495,169,16.0,0.09467455621301775,77.0,0.4556213017751479,0.24260355029585798,171,60.0,0.3508771929824561,136.0,171,10.0,0.05847953216374269,10.0,171,62279.91928214029,364.21005428152216,253.02292142985715,9584.321637426901,vertical,supermarket,_distance_band,2-3km,,
vertical_distance,supermarket | <=0.5km,108,86,30,True,106,22.132861635220127,20.483333333333334,26.53333333333333,31.25,33.074999999999996,45.855653214535295,106,0.0,0.0,29.0,0.27358490566037735,0.1509433962264151,108,19.0,0.17592592592592593,19.0,108,3.0,0.027777777777777776,3.0,108,22957.08327499643,212.56558587959657,48.15195892842857,8341.607175925927,vertical,supermarket,_distance_band,<=0.5km,,
vertical_distance,supermarket | >3km,146,118,31,True,146,36.5060502283105,33.55833333333334,41.84166666666667,51.7,55.520833333333336,135.64510298903062,146,18.0,0.1232876712328767,50.0,0.3424657534246575,0.2054794520547945,146,53.0,0.363013698630137,120.0,146,5.0,0.03424657534246575,6.0,146,61424.26640714457,420.71415347359294,128.64445178671428,8711.8676369863,vertical,supermarket,_distance_band,>3km,,
vehicle_ticket,auto | High,260,152,31,True,260,33.18423076923077,30.416666666666664,40.025,51.72666666666667,60.19166666666666,282.48568559218563,260,33.0,0.12692307692307692,90.0,0.34615384615384615,0.15,260,62.0,0.23846153846153847,137.0,260,10.0,0.038461538461538464,13.0,260,108498.29757857672,417.3011445329874,375.1677714302857,18743.118076923078,vehicle,auto,ticket_bucket,High,,
vehicle_ticket,auto | Low,234,177,31,True,232,24.635272988505747,21.833333333333332,29.029166666666665,41.74333333333333,51.335833333333326,165.4038141627689,232,14.0,0.0603448275862069,94.0,0.4051724137931034,0.2025862068965517,234,64.0,0.27350427350427353,129.0,234,9.0,0.038461538461538464,9.0,234,82395.89421428528,352.1192060439542,226.48781071500002,3892.619764957265,vehicle,auto,ticket_bucket,Low,,
vehicle_ticket,auto | Medium,242,170,31,True,239,27.694421199442118,25.283333333333335,34.483333333333334,43.85333333333334,48.74166666666667,147.63419376955804,239,10.0,0.04184100418410042,110.0,0.4602510460251046,0.19246861924686193,242,72.0,0.2975206611570248,134.0,242,11.0,0.045454545454545456,12.0,242,86106.37549106873,355.81146897135835,301.962510714,7345.362623966942,vehicle,auto,ticket_bucket,Medium,,
vehicle_ticket,bici | High,63022,608,32,True,63008,28.699522547401386,25.666666666666668,35.15,46.43333333333333,55.127499999999905,206.80769923840862,63008,4865.0,0.07721241747079736,23295.0,0.3697149568308786,0.180183468765871,63021,16828.0,0.26702210374319674,36008.0,63021,4063.0,0.06447057330096317,4810.0,63022,23147023.975442685,367.28482078389584,114692.13728750558,15991.486109771191,vehicle,bici,ticket_bucket,High,,
vehicle_ticket,bici | Low,70214,617,32,True,70146,20.642663397295163,18.4,25.333333333333332,33.766666666666666,40.083333333333336,109.91095513904888,70146,1338.0,0.019074501753485587,25993.0,0.3705556981153594,0.15024377726456248,70214,16916.0,0.24092061412253968,29290.0,70214,2153.0,0.030663400461446434,2330.0,70214,18952569.52380149,269.9257914917465,46483.11348037643,3861.28015310337,vehicle,bici,ticket_bucket,Low,,
vehicle_ticket,bici | Medium,65997,604,32,True,65969,23.74031186365313,21.266666666666666,29.083333333333332,38.43333333333333,45.18333333333333,136.92576268604194,65969,2133.0,0.03233336870348194,23387.0,0.35451499946944776,0.1490548591004866,65996,16566.0,0.2510152130432147,29947.0,65996,2613.0,0.03959330868537487,2876.0,65997,20007519.472574815,303.15801434269457,61772.542799998715,7322.754475127657,vehicle,bici,ticket_bucket,Medium,,
vehicle_ticket,moto | High,48098,607,32,True,47415,32.379531793736156,29.666666666666668,39.15,49.88333333333333,58.6,222.3701614278305,47415,4871.0,0.10273120320573659,15259.0,0.32181799008752504,0.15866287039966256,48097,12517.0,0.2602449217206894,28510.0,48097,2569.0,0.0534128947751419,3076.0,48098,21026577.777867753,437.16116632433267,85467.78738034258,17326.133475404386,vehicle,moto,ticket_bucket,High,,
vehicle_ticket,moto | Low,40951,627,32,True,40491,23.91088554658237,21.466666666666665,29.2,38.38333333333333,45.31666666666667,138.97611704707683,40491,1356.0,0.03348892346447359,14705.0,0.3631671235583216,0.1601343508433973,40949,11403.0,0.27846833866516885,23934.0,40949,1175.0,0.028694229407311533,1240.0,40951,14637927.021828271,357.4498063985805,31404.27390535757,3868.1519006861863,vehicle,moto,ticket_bucket,Low,,
vehicle_ticket,moto | Medium,45126,611,32,True,44618,26.97462907346811,24.833333333333332,32.81666666666667,41.75,48.36666666666667,145.56742539839198,44618,1986.0,0.04451118382715496,13994.0,0.31364023488278275,0.13364561387780716,45125,11824.0,0.26202770083102495,23706.0,45125,1485.0,0.03290858725761773,1661.0,45126,17098890.758742668,378.9143899025544,43794.340907162856,7372.339186610823,vehicle,moto,ticket_bucket,Medium,,
event_hour,No event | 0,5244,22,22,True,5204,20.06838009223674,18.05,24.333333333333332,32.03333333333333,37.64499999999998,87.00312832335187,5204,61.0,0.011721752498078402,1307.0,0.25115295926210607,0.09281322059953882,5244,1466.0,0.2795575896262395,2727.0,5244,222.0,0.04233409610983982,247.0,5244,2540426.9581695125,484.44450003232504,8643.124325013428,7531.416950800915,event_type,No event,hora_num,0,,
event_hour,No event | 1,3442,28,28,True,3404,19.27751664708186,17.525,23.1375,30.27833333333334,35.61666666666667,79.63671755204591,3404,39.0,0.011457109283196239,993.0,0.2917156286721504,0.10370152761457109,3442,861.0,0.25014526438117374,1454.0,3442,124.0,0.03602556653108658,137.0,3442,1628113.1245927191,473.01369104959883,5059.944950009429,7219.568721673445,event_type,No event,hora_num,1,,
event_hour,No event | 2,420,27,27,True,418,22.621850079744817,20.2,26.895833333333332,34.33166666666667,43.684166666666655,146.70486781866373,418,12.0,0.028708133971291867,134.0,0.32057416267942584,0.16507177033492823,420,153.0,0.36428571428571427,308.0,420,20.0,0.047619047619047616,20.0,420,245421.04158569657,584.3358132992776,649.5299267865714,7282.636928571428,event_type,No event,hora_num,2,,
event_hour,No event | 3,25,11,11,False,24,54.104166666666664,46.25,68.88333333333333,91.12166666666666,109.84749999999997,1651.9703925120775,24,10.0,0.4166666666666667,13.0,0.5416666666666666,0.5416666666666666,25,4.0,0.16,5.0,25,1.0,0.04,1.0,25,13915.646214285573,556.6258485714229,27.7675,7562.62,event_type,No event,hora_num,3,,
event_hour,No event | 4,2,2,2,False,1,135.21666666666667,135.21666666666667,135.21666666666667,135.21666666666667,135.21666666666667,,1,1.0,1.0,1.0,1.0,1.0,2,0.0,0.0,0.0,2,0.0,0.0,0.0,2,678.9946821430001,339.49734107150005,0.0,7629.75,event_type,No event,hora_num,4,,
event_hour,No event | 5,9,5,5,False,8,111.18958333333333,110.275,146.81666666666666,157.15666666666667,167.06166666666664,2147.603090277778,8,7.0,0.875,8.0,1.0,0.875,9,2.0,0.2222222222222222,5.0,9,0.0,0.0,0.0,9,4396.016844642714,488.4463160714127,0.0,7154.666666666667,event_type,No event,hora_num,5,,
event_hour,No event | 6,35,11,11,False,31,52.24569892473119,47.833333333333336,61.84166666666667,78.78333333333333,102.775,596.7957216248507,31,13.0,0.41935483870967744,20.0,0.6451612903225806,0.6129032258064516,35,15.0,0.42857142857142855,41.0,35,3.0,0.08571428571428572,3.0,35,21178.12408928743,605.0892596939266,80.55375000014286,7333.928571428572,event_type,No event,hora_num,6,,
event_hour,No event | 7,1243,29,29,True,1218,26.952887246852764,23.525,32.708333333333336,44.896666666666654,53.90916666666663,217.58402502680883,1218,83.0,0.06814449917898194,417.0,0.34236453201970446,0.1986863711001642,1243,402.0,0.3234111021721641,730.0,1243,58.0,0.04666130329847144,64.0,1243,384101.03767499013,309.01129338293657,1305.490273212143,6167.253905872889,event_type,No event,hora_num,7,,
event_hour,No event | 8,3950,29,29,True,3924,23.120225959904857,20.516666666666666,27.933333333333334,37.545,44.82583333333333,127.68897180720084,3924,130.0,0.033129459734964326,1431.0,0.3646788990825688,0.1664118246687054,3950,935.0,0.23670886075949368,1555.0,3950,106.0,0.026835443037974683,116.0,3950,1046921.9114839192,265.0435218946631,2353.0183071408574,6613.582311392405,event_type,No event,hora_num,8,,
event_hour,No event | 9,7146,29,29,True,7115,22.053462169126256,19.783333333333335,26.916666666666668,35.666666666666664,41.94333333333331,110.3376131952192,7115,148.0,0.0208011243851019,2709.0,0.380744905130007,0.15319747013352072,7146,1594.0,0.2230618527847747,2763.0,7146,178.0,0.02490904002239015,210.0,7146,1868146.3072428256,261.4254558134377,4071.202987498857,6677.0255604534,event_type,No event,hora_num,9,,
event_hour,No event | 10,8413,29,29,True,8372,22.16128364389234,19.766666666666666,26.966666666666665,36.36333333333335,42.56499999999999,125.70525506903412,8372,180.0,0.02150023889154324,3321.0,0.39667940754897274,0.16806020066889632,8413,1900.0,0.2258409604184001,3412.0,8413,271.0,0.03221205277546654,311.0,8413,2193098.276051734,260.6796952397164,6322.739871419714,7169.943454178058,event_type,No event,hora_num,10,,
event_hour,No event | 11,12536,29,29,True,12489,23.423288493874605,21.033333333333335,28.75,37.98666666666668,44.083333333333336,124.20088183655429,12489,350.0,0.02802466170229802,4960.0,0.39714949155256624,0.16710705420770278,12533,2689.0,0.21455357855262108,4975.0,12533,378.0,0.03016037660576079,426.0,12536,3226474.8732053484,257.3767448313137,8739.942587508429,8207.745628988512,event_type,No event,hora_num,11,,
event_hour,No event | 12,24364,29,29,True,24263,25.85699350176538,23.733333333333334,31.983333333333334,41.1,47.35,137.3575911227149,24263,967.0,0.03985492313399003,8529.0,0.3515228949429172,0.15121790380414624,24363,5834.0,0.2394614784714526,11061.0,24363,796.0,0.032672495177112834,888.0,24364,6835948.375367861,280.5757829325177,17442.03422857214,8649.115066696766,event_type,No event,hora_num,12,,
event_hour,No event | 13,24922,29,29,True,24816,26.074828067913174,23.716666666666665,32.05416666666667,41.475,48.454166666666666,147.71820195400545,24816,1106.0,0.04456802063185042,8756.0,0.3528368794326241,0.15365087040618955,24921,6431.0,0.25805545523855383,13269.0,24921,1041.0,0.04177199951847839,1155.0,24922,7189893.081841109,288.4958302640683,22677.91323570114,8594.22182730118,event_type,No event,hora_num,13,,
event_hour,No event | 14,17667,25,25,True,17584,24.22612602365787,21.95,30.1,39.3,45.766666666666666,132.48868240372695,17584,580.0,0.03298453139217471,6731.0,0.3827911737943585,0.16361464968152867,17667,4869.0,0.27559857361181866,10070.0,17667,681.0,0.038546442519952456,771.0,17667,4769911.149710724,269.989876589728,14581.30603393643,7866.018089375672,event_type,No event,hora_num,14,,
event_hour,No event | 15,12882,25,25,True,12817,23.791063951522716,21.216666666666665,29.55,38.983333333333334,46.03666666666665,143.2928713129528,12817,452.0,0.0352656627916049,5138.0,0.4008738394320044,0.17859093391589295,12882,3808.0,0.29560627231796305,8183.0,12882,571.0,0.04432541530818196,639.0,12882,3499975.1796696614,271.6950147236191,12303.717676780001,7866.196147337371,event_type,No event,hora_num,15,,
event_hour,No event | 16,10061,24,24,True,10010,24.309741924741925,21.633333333333333,29.983333333333334,39.95,46.43333333333333,147.13181839122288,10010,368.0,0.03676323676323676,4031.0,0.4026973026973027,0.1813186813186813,10061,3235.0,0.32153861445184373,6621.0,10061,454.0,0.0451247390915416,507.0,10061,2766161.8234964027,274.93905411951124,9638.237801785142,7687.881065500448,event_type,No event,hora_num,16,,
event_hour,No event | 17,9018,22,22,True,8977,24.85511677991905,22.333333333333332,30.666666666666668,40.333333333333336,47.13666666666665,143.10072359283004,8977,346.0,0.0385429430767517,3605.0,0.4015818202071962,0.18636515539712598,9018,2767.0,0.3068307828786871,5332.0,9018,418.0,0.04635174096251941,483.0,9018,2450882.466932117,271.7767206622441,9321.354982136285,8030.080644821468,event_type,No event,hora_num,17,,
event_hour,No event | 18,10720,21,21,True,10669,25.51293467054082,22.9,31.7,41.42333333333335,48.37666666666667,153.41922645231,10669,479.0,0.044896428906176775,4184.0,0.3921642140781704,0.176305183241166,10720,2900.0,0.27052238805970147,5568.0,10720,473.0,0.04412313432835821,565.0,10720,2890676.4070749404,269.65264991370714,11726.189292859144,9330.026501865672,event_type,No event,hora_num,18,,
event_hour,No event | 19,19762,21,21,True,19667,26.632471483534175,24.5,32.90833333333333,42.090000000000025,48.67833333333334,163.93199391518814,19667,904.0,0.04596532262165048,7306.0,0.3714852290639142,0.16031931662175217,19762,4682.0,0.2369193401477583,8564.0,19762,723.0,0.036585365853658534,842.0,19762,6440163.824762542,325.8862374639481,21616.49959822557,10964.711582835746,event_type,No event,hora_num,19,,
event_hour,No event | 20,28517,19,19,True,28384,26.88499859075535,24.583333333333332,33.06666666666667,43.0,50.314166666666644,159.24849309876214,28384,1528.0,0.05383314543404735,9153.0,0.32247040586245773,0.13578072153325818,28517,6589.0,0.2310551600799523,13926.0,28517,1158.0,0.04060735701511379,1321.0,28517,10987174.05291615,385.2850598911579,34192.67472678943,11089.400279657748,event_type,No event,hora_num,20,,
event_hour,No event | 21,27043,20,20,True,26895,28.298978124806343,25.416666666666668,34.81666666666667,46.360000000000035,54.98833333333332,219.40127293877683,26895,2055.0,0.07640825432236475,8580.0,0.31901840490797545,0.15021379438557353,27042,6835.0,0.25275497374454553,14821.0,27042,1274.0,0.0471119000073959,1470.0,27043,11264627.031930357,416.5450220733778,37595.388991064145,10728.54673335059,event_type,No event,hora_num,21,,
event_hour,No event | 22,19097,21,21,True,18979,25.849197358483938,22.783333333333335,31.9,43.036666666666676,51.81666666666667,200.0035844132847,18979,1122.0,0.05911797249591654,6639.0,0.34980768217503555,0.1540650192317825,19097,4961.0,0.2597790228831754,10073.0,19097,892.0,0.046708907158192384,1016.0,19097,7888428.589937471,413.07161281549304,27608.998892849573,9503.062559040687,event_type,No event,hora_num,22,,
event_hour,No event | 23,10867,21,21,True,10778,22.460915754314343,19.716666666666665,27.479166666666668,37.10500000000002,45.28333333333333,141.22355004333863,10778,351.0,0.03256633883837447,3539.0,0.32835405455557615,0.13768788272406754,10867,2977.0,0.27394865188184414,5765.0,10867,583.0,0.05364866108401583,646.0,10867,4814569.507424355,443.0449532920175,19818.888853599,8103.08675347382,event_type,No event,hora_num,23,,
event_hour,country_holiday | 0,279,2,2,False,274,28.649635036496353,25.09166666666667,35.6625,46.62333333333335,55.59916666666663,252.59919400550788,274,23.0,0.08394160583941605,91.0,0.33211678832116787,0.19343065693430658,279,73.0,0.2616487455197133,151.0,279,14.0,0.05017921146953405,15.0,279,162231.8707839303,581.4762393689258,514.5229982168571,8437.829749103943,event_type,country_holiday,hora_num,0,,
event_hour,country_holiday | 1,232,2,2,False,230,22.184927536231886,19.15833333333333,26.475,37.388333333333335,44.53499999999996,152.26912893698713,230,6.0,0.02608695652173913,62.0,0.26956521739130435,0.1,232,57.0,0.24568965517241378,106.0,232,10.0,0.04310344827586207,10.0,232,112210.16869821986,483.66452025094765,380.50363928685715,7753.274137931035,event_type,country_holiday,hora_num,1,,
event_hour,country_holiday | 2,55,2,2,False,55,22.624242424242418,18.2,27.008333333333333,36.36000000000001,50.949999999999996,172.09174710063598,55,4.0,0.07272727272727272,18.0,0.32727272727272727,0.18181818181818182,55,22.0,0.4,39.0,55,3.0,0.05454545454545454,3.0,55,30086.338848215575,547.0243426948286,104.65625000114287,6403.981818181818,event_type,country_holiday,hora_num,2,,
event_hour,country_holiday | 3,1,1,1,False,1,55.71666666666667,55.71666666666667,55.71666666666667,55.71666666666667,55.71666666666667,,1,1.0,1.0,0.0,0.0,0.0,1,0.0,0.0,0.0,1,0.0,0.0,0.0,1,501.46714285728575,501.46714285728575,0.0,15589.0,event_type,country_holiday,hora_num,3,,
event_hour,country_holiday | 4,1,1,1,False,1,25.316666666666666,25.316666666666666,25.316666666666666,25.316666666666666,25.316666666666666,,1,0.0,0.0,1.0,1.0,0.0,1,0.0,0.0,0.0,1,0.0,0.0,0.0,1,236.31107142899995,236.31107142899995,0.0,11649.5,event_type,country_holiday,hora_num,4,,
event_hour,country_holiday | 5,3,1,1,False,1,149.1,149.1,149.1,149.1,149.1,,1,1.0,1.0,1.0,1.0,1.0,3,1.0,0.3333333333333333,1.0,3,0.0,0.0,0.0,3,1724.421025000143,574.807008333381,0.0,12578.0,event_type,country_holiday,hora_num,5,,
event_hour,country_holiday | 6,2,1,1,False,2,80.41666666666666,80.41666666666666,106.19999999999999,121.66999999999999,126.82666666666665,5318.242222222221,2,1.0,0.5,2.0,1.0,0.5,2,2.0,1.0,4.0,2,1.0,0.5,1.0,2,1904.845357142859,952.4226785714295,24.511249999857142,4309.5,event_type,country_holiday,hora_num,6,,
event_hour,country_holiday | 7,52,2,2,False,51,35.908496732026144,32.63333333333333,46.30833333333333,60.75,69.60833333333332,493.5989041394335,51,11.0,0.21568627450980393,22.0,0.43137254901960786,0.37254901960784315,52,19.0,0.36538461538461536,34.0,52,2.0,0.038461538461538464,3.0,52,24799.211096432427,476.9079057006236,82.26382857142856,6758.134615384615,event_type,country_holiday,hora_num,7,,
event_hour,country_holiday | 8,147,2,2,False,147,26.086734693877553,24.55,30.40833333333333,40.5,43.869999999999976,110.48776612928276,147,3.0,0.02040816326530612,51.0,0.3469387755102041,0.14285714285714285,147,46.0,0.3129251700680272,71.0,147,5.0,0.034013605442176874,6.0,147,48125.70138215486,327.3857236881283,166.01632499942855,7358.522176870749,event_type,country_holiday,hora_num,8,,
event_hour,country_holiday | 9,322,2,2,False,317,24.483596214511042,22.483333333333334,29.066666666666666,38.65000000000002,43.26,152.5723671950911,317,11.0,0.03470031545741325,123.0,0.38801261829652994,0.167192429022082,322,83.0,0.2577639751552795,129.0,322,7.0,0.021739130434782608,8.0,322,97346.43268751458,302.31811393638066,180.2290642852857,7726.619083850931,event_type,country_holiday,hora_num,9,,
event_hour,country_holiday | 10,442,2,2,False,440,25.65791666666667,22.416666666666664,32.27083333333333,42.69166666666666,48.1708333333333,175.4282116710959,440,20.0,0.045454545454545456,167.0,0.3795454545454545,0.18181818181818182,442,122.0,0.27601809954751133,191.0,442,18.0,0.04072398190045249,18.0,442,129745.40522500058,293.5416407805443,285.7276928564286,7493.240509049773,event_type,country_holiday,hora_num,10,,
event_hour,country_holiday | 11,815,2,2,False,813,24.809655596555967,22.883333333333333,31.033333333333335,38.983333333333334,45.07,132.6443144953617,813,24.0,0.02952029520295203,274.0,0.3370233702337023,0.14268142681426815,815,197.0,0.24171779141104294,341.0,815,20.0,0.024539877300613498,21.0,815,227588.21207321016,279.24933996712906,462.93995178714283,8900.578472392639,event_type,country_holiday,hora_num,11,,
event_hour,country_holiday | 12,1567,2,2,False,1557,25.62757439520445,23.083333333333332,31.5,40.940000000000005,47.34999999999999,161.8813178558764,1557,63.0,0.04046242774566474,529.0,0.3397559409120103,0.15093127809890816,1567,325.0,0.2074026802807913,557.0,1567,63.0,0.04020421186981493,67.0,1567,425101.7084285575,271.28379606161934,1350.034362498,9453.882651563497,event_type,country_holiday,hora_num,12,,
event_hour,country_holiday | 13,1786,2,2,False,1779,26.29299231778153,23.816666666666666,32.8,41.910000000000004,49.20666666666666,156.8306014084524,1779,82.0,0.04609331084879146,565.0,0.31759415401911184,0.15064643057897695,1786,465.0,0.26035834266517355,867.0,1786,72.0,0.040313549832026875,79.0,1786,527638.395082135,295.4302324088102,1583.688092862,9331.249204927211,event_type,country_holiday,hora_num,13,,
event_hour,country_holiday | 14,1472,2,2,False,1470,26.732346938775514,24.1,32.85,43.86833333333334,51.76749999999998,181.0832569115461,1470,87.0,0.05918367346938776,586.0,0.3986394557823129,0.19387755102040816,1472,423.0,0.2873641304347826,844.0,1472,71.0,0.04823369565217391,79.0,1472,447458.41279106645,303.97989999393104,1502.8480482105713,8969.087713994566,event_type,country_holiday,hora_num,14,,
event_hour,country_holiday | 15,1148,2,2,False,1142,26.97974314068885,24.125,33.916666666666664,43.88500000000001,52.81000000000001,197.00351616728906,1142,73.0,0.063922942206655,425.0,0.37215411558669004,0.20140105078809106,1148,335.0,0.29181184668989546,670.0,1148,60.0,0.05226480836236934,71.0,1148,354273.0305803783,308.6002008539881,1243.6970767875714,8874.567552264809,event_type,country_holiday,hora_num,15,,
event_hour,country_holiday | 16,1014,2,2,False,1010,27.564207920792082,23.21666666666667,34.24583333333333,47.718333333333334,57.575833333333335,251.1308190229082,1010,82.0,0.08118811881188119,365.0,0.3613861386138614,0.200990099009901,1014,327.0,0.3224852071005917,677.0,1014,37.0,0.03648915187376726,49.0,1014,325942.04911250086,321.44186303007973,1280.9073446415714,8645.00679980276,event_type,country_holiday,hora_num,16,,
event_hour,country_holiday | 17,534,1,1,False,531,25.46032642812304,22.45,31.0,41.68333333333333,49.44166666666666,145.63149117206962,531,27.0,0.05084745762711865,196.0,0.3691148775894539,0.19962335216572505,534,182.0,0.3408239700374532,301.0,534,22.0,0.04119850187265917,26.0,534,168471.34516427686,315.4894104199941,563.0849428571428,7864.981235955057,event_type,country_holiday,hora_num,17,,
event_hour,country_holiday | 18,507,1,1,False,506,27.924670619235837,26.291666666666664,33.0625,44.38333333333333,52.58333333333333,156.4346734336477,506,37.0,0.07312252964426877,190.0,0.37549407114624506,0.1857707509881423,507,146.0,0.2879684418145957,245.0,507,23.0,0.045364891518737675,33.0,507,168439.2185196423,332.2272554628053,770.5417803570001,9881.903076923076,event_type,country_holiday,hora_num,18,,
event_hour,country_holiday | 19,1009,1,1,False,1005,29.362752902155886,26.966666666666665,36.15,45.89,55.75666666666665,191.9424951806924,1005,80.0,0.07960199004975124,313.0,0.31144278606965176,0.15223880597014924,1009,284.0,0.2814667988107037,586.0,1009,48.0,0.04757185332011893,53.0,1009,405942.3706589274,402.3214773626635,1319.458307142143,11249.275584737363,event_type,country_holiday,hora_num,19,,
event_hour,country_holiday | 20,1299,1,1,False,1290,30.63317829457364,27.916666666666664,37.86666666666667,49.84333333333335,58.36416666666666,230.74833632625902,1290,132.0,0.10232558139534884,313.0,0.24263565891472869,0.11472868217054263,1299,302.0,0.23248652809853734,541.0,1299,60.0,0.046189376443418015,63.0,1299,607626.2743946413,467.7646454154282,1775.3760142830001,12177.347509622787,event_type,country_holiday,hora_num,20,,
event_hour,country_holiday | 21,953,1,1,False,946,35.31841085271317,32.725,44.19583333333333,58.11666666666667,69.41250000000001,325.8116721456599,946,167.0,0.17653276955602537,313.0,0.3308668076109937,0.19556025369978858,953,281.0,0.29485834207764955,523.0,953,56.0,0.05876180482686254,62.0,953,520797.722669643,546.4823952462151,1704.454153572143,11383.39366736621,event_type,country_holiday,hora_num,21,,
event_hour,country_holiday | 22,624,1,1,False,621,33.47748255501879,30.083333333333332,41.93333333333333,56.483333333333334,65.45,306.0917416988439,621,94.0,0.15136876006441224,205.0,0.33011272141706927,0.19001610305958133,624,184.0,0.2948717948717949,373.0,624,35.0,0.05608974358974359,41.0,624,352113.3835267931,564.2842684724249,1197.975200004,10178.829375000001,event_type,country_holiday,hora_num,22,,
event_hour,country_holiday | 23,349,1,1,False,345,28.263285024154587,25.183333333333334,34.61666666666667,46.49666666666668,52.54333333333334,217.3644765803468,345,25.0,0.07246376811594203,111.0,0.3217391304347826,0.19710144927536233,349,95.0,0.2722063037249284,181.0,349,17.0,0.04871060171919771,19.0,349,190824.30373390444,546.7745092662018,583.3976875008572,9013.080229226362,event_type,country_holiday,hora_num,23,,
event_hour,country_holiday | football_match | 17,329,1,1,False,329,38.865805471124624,32.18333333333333,50.166666666666664,69.80666666666666,84.52666666666664,678.4731301842654,329,87.0,0.26443768996960487,138.0,0.4194528875379939,0.2917933130699088,329,97.0,0.2948328267477204,181.0,329,11.0,0.03343465045592705,14.0,329,124260.22535536057,377.69065457556405,253.591239285,8937.540045592705,event_type,country_holiday | football_match,hora_num,17,,
event_hour,country_holiday | football_match | 18,437,1,1,False,432,35.799691358024695,32.141666666666666,45.1,59.50333333333334,69.6275,355.386703951954,432,77.0,0.17824074074074073,144.0,0.3333333333333333,0.2175925925925926,437,104.0,0.2379862700228833,173.0,437,18.0,0.041189931350114416,20.0,437,147415.38886429003,337.3349859594737,373.44156428542857,10795.34881006865,event_type,country_holiday | football_match,hora_num,18,,
event_hour,country_holiday | football_match | 19,757,1,1,False,755,41.50699779249448,37.333333333333336,52.56666666666666,68.83000000000001,81.15499999999999,426.32937956896063,755,226.0,0.2993377483443709,285.0,0.37748344370860926,0.2609271523178808,757,211.0,0.27873183619550856,424.0,757,46.0,0.0607661822985469,52.0,757,397423.85457320884,524.9984868866695,1461.8727696438573,13807.277457067372,event_type,country_holiday | football_match,hora_num,19,,
event_hour,country_holiday | football_match | 20,876,1,1,False,873,34.261989308896524,31.466666666666665,43.016666666666666,57.08666666666667,66.54333333333332,262.4686717134432,873,152.0,0.17411225658648338,166.0,0.19014891179839633,0.10309278350515463,876,226.0,0.2579908675799087,469.0,876,85.0,0.09703196347031963,109.0,876,456242.7951107187,520.8251085738798,2896.2418392865716,13267.742950913242,event_type,country_holiday | football_match,hora_num,20,,
event_hour,country_holiday | football_match | 21,1321,1,1,False,1308,31.853389398572883,27.4,39.37083333333334,55.093333333333334,70.70583333333329,355.29803236954825,1308,182.0,0.13914373088685014,448.0,0.3425076452599388,0.21100917431192662,1321,355.0,0.2687358062074186,770.0,1321,90.0,0.06813020439061317,106.0,1321,668214.8917410644,505.84019056855743,2886.4495321405716,12038.079644208934,event_type,country_holiday | football_match,hora_num,21,,
event_hour,country_holiday | football_match | 22,694,1,1,False,686,23.38301749271137,21.43333333333333,29.875,37.55833333333334,44.69166666666666,128.68524037049647,686,24.0,0.03498542274052478,95.0,0.13848396501457727,0.06268221574344024,694,157.0,0.22622478386167147,349.0,694,27.0,0.03890489913544669,31.0,694,334942.60149821185,482.6262269426684,1025.2079089277145,9094.837658501441,event_type,country_holiday | football_match,hora_num,22,,
event_hour,country_holiday | football_match | 23,511,1,1,False,504,18.4489417989418,16.541666666666668,23.0875,30.583333333333332,36.69916666666666,93.05471944348021,504,5.0,0.00992063492063492,150.0,0.2976190476190476,0.1130952380952381,511,118.0,0.2309197651663405,239.0,511,29.0,0.05675146771037182,30.0,511,230290.71350533172,450.6667583274593,953.482955359,7843.508943248533,event_type,country_holiday | football_match,hora_num,23,,
event_hour,football_match | 0,1309,7,7,True,1301,21.448296182423775,19.55,25.566666666666666,32.916666666666664,39.7,108.03419773579823,1301,31.0,0.02382782475019216,361.0,0.27747886241352804,0.11683320522674866,1309,397.0,0.3032849503437739,888.0,1309,60.0,0.04583651642475172,65.0,1309,634551.6230946095,484.7605982388155,2147.2237964331425,7571.246936592819,event_type,football_match,hora_num,0,,
event_hour,football_match | 1,75,1,1,False,74,24.747522522522523,22.325,28.1375,34.70333333333334,39.443333333333314,164.27365055123616,74,3.0,0.04054054054054054,29.0,0.3918918918918919,0.25675675675675674,75,38.0,0.5066666666666667,78.0,75,3.0,0.04,3.0,75,39340.29226249872,524.5372301666496,67.32982142942858,6189.2733333333335,event_type,football_match,hora_num,1,,
event_hour,football_match | 14,2796,4,4,False,2781,25.535706580366774,23.416666666666668,31.583333333333332,41.15,47.38333333333333,142.02559768301865,2781,110.0,0.039554117224020136,968.0,0.3480762315713772,0.14706939949658396,2796,790.0,0.2825464949928469,1560.0,2796,123.0,0.043991416309012876,134.0,2796,882021.0901589093,315.4581867521135,3007.939260711857,9562.447056509298,event_type,football_match,hora_num,14,,
event_hour,football_match | 15,2005,4,4,False,1993,27.335783575848804,23.783333333333335,32.483333333333334,44.52333333333331,54.32333333333333,285.2444924036056,1993,143.0,0.07175112895132965,785.0,0.3938785750125439,0.20973406924234822,2005,623.0,0.31072319201995013,1181.0,2005,86.0,0.0428927680798005,93.0,2005,647883.900714305,323.1341150694788,1864.0803374997142,9032.020576059851,event_type,football_match,hora_num,15,,
event_hour,football_match | 16,2253,5,5,True,2241,26.713282760672318,22.2,31.766666666666666,44.28333333333333,55.0,347.624194025219,2241,161.0,0.07184292726461401,806.0,0.3596608656849621,0.17090584560464078,2253,682.0,0.3027075011096316,1274.0,2253,98.0,0.04349755881047492,109.0,2253,748265.5082392902,332.1196219437595,2248.853896427857,8530.123186861962,event_type,football_match,hora_num,16,,
event_hour,football_match | 17,2811,7,7,True,2792,27.078904011461315,22.758333333333333,32.22916666666667,44.395,57.06499999999999,298.554180581093,2792,204.0,0.07306590257879657,1020.0,0.3653295128939828,0.1812320916905444,2811,807.0,0.2870864461045891,1507.0,2811,114.0,0.04055496264674493,131.0,2811,922344.5751035577,328.1197350066018,2687.454373210714,8322.4496905016,event_type,football_match,hora_num,17,,
event_hour,football_match | 18,3654,8,8,True,3641,27.39352284171015,23.95,34.03333333333333,45.583333333333336,56.016666666666666,214.93037920400346,3641,272.0,0.07470475144191156,1416.0,0.3889041472123043,0.1798956330678385,3654,992.0,0.27148330596606457,1938.0,3654,179.0,0.04898741105637657,211.0,3654,1188082.7778696397,325.1458067514066,4731.501264288571,9587.46523125342,event_type,football_match,hora_num,18,,
event_hour,football_match | 19,7393,8,8,True,7365,26.058929622086445,24.033333333333335,32.46666666666667,41.39333333333334,47.49333333333331,135.05031549213422,7365,277.0,0.03761031907671419,2577.0,0.34989816700611,0.1446028513238289,7393,1809.0,0.24469092384688218,3474.0,7393,290.0,0.039226295144055186,322.0,7393,2282678.121548238,308.7620886714782,7012.246225003143,10968.506441904505,event_type,football_match,hora_num,19,,
event_hour,football_match | 20,14420,10,10,True,14352,28.62916666666667,25.733333333333334,34.983333333333334,45.95,54.4,224.99819766721637,14352,1049.0,0.07309085841694538,4890.0,0.3407190635451505,0.1552396878483835,14420,3491.0,0.24209431345353674,7078.0,14420,673.0,0.04667128987517337,792.0,14420,6084967.127432179,421.98107679834806,22804.813064279715,11428.514862690707,event_type,football_match,hora_num,20,,
event_hour,football_match | 21,9376,8,8,True,9322,29.379233712365014,26.566666666666666,36.43333333333333,48.76499999999999,57.48083333333328,226.76653700050505,9322,880.0,0.09440034327397555,2811.0,0.30154473288993777,0.14556962025316456,9376,2408.0,0.2568259385665529,5160.0,9376,520.0,0.05546075085324232,611.0,9376,4259444.599274978,454.2922994107272,16303.234435709572,10969.266406783276,event_type,football_match,hora_num,21,,
event_hour,football_match | 22,7009,8,8,True,6965,24.40833692270878,22.066666666666666,30.5,40.56666666666667,47.80999999999998,151.91554643123672,6965,301.0,0.04321608040201005,2117.0,0.30394831299353914,0.13079684134960518,7009,1866.0,0.2662291339706092,3946.0,7009,375.0,0.053502639463546865,417.0,7009,3013441.3857964454,429.938848023462,11962.652749998142,9204.245492937653,event_type,football_match,hora_num,22,,
event_hour,football_match | 23,4120,8,8,True,4083,20.906629112580617,18.8,25.483333333333334,33.5,39.48166666666666,110.99131594393205,4083,76.0,0.01861376438892971,1293.0,0.316678912564291,0.1236835660053882,4120,1201.0,0.29150485436893203,2446.0,4120,192.0,0.04660194174757282,212.0,4120,1783285.222444409,432.83621903990513,6976.844016075,7885.365138349514,event_type,football_match,hora_num,23,,
pressure,High,109031,232,31,True,108510,25.268207077688693,22.983333333333334,31.25,40.65,47.06666666666667,143.09914742881818,108510,4188.0,0.038595521150124414,38712.0,0.3567597456455626,0.1521610911436734,109027,25544.0,0.2342905885698038,48043.0,109027,3774.0,0.03461527878415439,4278.0,109031,32594085.0945768,298.94328305323074,93728.26753392487,9365.312198319745,pressure_band,High,,,,
pressure,Low,60275,180,32,True,59818,27.024553646059715,23.1,33.28333333333333,46.52166666666671,57.25,264.00005739541,59818,4885.0,0.08166438195860777,19323.0,0.3230298572336086,0.15797920358420542,60275,16885.0,0.2801327250103691,34675.0,60275,3238.0,0.05372044794690999,3667.0,60275,30027999.30376307,498.18331486956566,113814.41374470401,9404.380990377436,pressure_band,Low,,,,
pressure,Medium,164829,232,31,True,164043,25.550271676735164,23.016666666666666,31.633333333333333,41.516666666666666,48.666666666666664,158.7284941498928,164043,7528.0,0.04589040678358723,58886.0,0.3589668562511049,0.1576476899349561,164827,43822.0,0.26586663592736626,89073.0,164827,7076.0,0.042929859792388385,8082.0,164829,52522151.85739282,318.64630530666824,176975.13257497415,9137.922103422334,pressure_band,Medium,,,,
pressure,Unknown,9,6,6,False,7,91.53095238095239,83.1,136.85,147.18666666666667,147.92666666666665,2627.9076322751316,7,5.0,0.7142857142857143,6.0,0.8571428571428571,0.7142857142857143,9,1.0,0.1111111111111111,4.0,9,0.0,0.0,0.0,9,3272.8418089280003,363.64908988088894,0.0,6789.388888888889,pressure_band,Unknown,,,,
